Unit,Dacoity,Robbery,Murder,Speedy_Trial,Riot,Woman_Child_Repression,Kidnapping,Police_Assault,Burglary,Theft,Other_Cases,RC_Arms_Act,RC_Explosive_Act,RC_Narcotics,RC_Smuggling,Date
BMP,0,0,0,0,0,14,1,0,4,6,49,1,0,91,0,2019-01-01
Barishal Range,2,3,16,2,0,86,3,2,16,23,378,1,0,363,0,2019-01-01
CMP,0,3,9,5,0,22,0,5,6,15,125,38,0,449,1,2019-01-01
Chittagong Range,4,11,74,4,0,147,6,10,25,51,891,54,1,1108,10,2019-01-01
DMP,1,10,19,10,0,118,9,6,49,127,411,6,3,1370,14,2019-01-01
Dhaka Range,7,11,75,10,0,216,12,13,28,70,889,18,3,1731,6,2019-01-01
GMP,2,3,3,1,0,22,1,2,2,8,65,3,0,130,2,2019-01-01
KMP,1,0,4,1,0,8,0,0,6,4,16,2,0,272,3,2019-01-01
Khulna Range,4,4,37,0,0,99,2,2,7,36,544,13,3,814,20,2019-01-01
Mymensingh Range,1,1,23,1,0,87,2,6,5,24,405,5,2,435,7,2019-01-01
RMP,0,4,1,1,1,11,0,0,4,6,52,3,0,283,35,2019-01-01
RPMP,0,0,1,0,0,12,1,0,0,6,33,0,0,68,0,2019-01-01
Railway Range,0,1,2,0,0,0,0,0,0,5,9,0,0,55,12,2019-01-01
Rajshahi Range,5,8,29,6,0,99,8,2,5,40,469,25,15,1166,134,2019-01-01
Rangpur Range,1,2,33,0,0,116,0,0,8,38,625,4,0,551,94,2019-01-01
SMP,0,2,5,3,0,15,0,13,2,2,55,0,0,44,2,2019-01-01
Sylhet Range,4,5,20,4,0,67,1,8,7,33,412,1,3,139,21,2019-01-01
BMP,0,0,1,1,0,15,0,0,2,6,33,0,0,76,0,2019-02-01
Barishal Range,1,4,19,0,0,96,3,1,13,15,368,1,0,349,0,2019-02-01
CMP,0,3,5,9,0,31,2,2,9,11,86,33,0,379,1,2019-02-01
Chittagong Range,8,3,55,12,0,149,10,4,34,57,775,52,0,1444,5,2019-02-01
DMP,1,8,16,10,0,148,4,5,42,126,399,10,1,1262,8,2019-02-01
Dhaka Range,5,7,53,4,0,193,9,7,21,79,812,10,1,1647,7,2019-02-01
GMP,0,4,3,1,0,16,0,0,1,6,68,10,0,175,3,2019-02-01
KMP,0,0,1,1,0,6,0,0,5,3,23,2,0,223,1,2019-02-01
Khulna Range,0,2,27,4,0,104,2,1,6,41,433,26,2,1099,34,2019-02-01
Mymensingh Range,0,1,22,5,0,80,3,4,10,27,358,2,0,530,5,2019-02-01
RMP,0,2,0,2,0,10,0,0,5,5,36,2,0,311,23,2019-02-01
RPMP,1,0,0,1,0,16,5,0,0,6,30,1,0,68,0,2019-02-01
Railway Range,0,1,1,0,0,0,0,0,0,8,8,0,0,56,13,2019-02-01
Rajshahi Range,2,3,32,3,0,128,6,6,3,25,445,27,3,1424,141,2019-02-01
Rangpur Range,0,0,14,1,0,160,1,3,8,40,529,2,0,649,94,2019-02-01
SMP,0,1,2,7,0,6,0,0,1,4,44,1,0,53,1,2019-02-01
Sylhet Range,6,4,11,2,0,59,0,4,5,34,317,4,1,258,19,2019-02-01
BMP,0,0,1,2,0,11,0,0,4,4,50,0,0,88,0,2019-03-01
Barishal Range,2,0,11,2,0,119,0,2,15,12,422,4,2,334,1,2019-03-01
CMP,0,4,7,8,0,32,2,2,7,17,111,32,0,446,6,2019-03-01
Chittagong Range,4,5,69,6,0,166,4,10,29,54,803,56,1,1161,10,2019-03-01
DMP,1,7,12,19,0,172,10,3,51,132,433,15,1,1564,13,2019-03-01
Dhaka Range,1,8,60,7,0,201,9,11,22,74,934,10,5,1609,7,2019-03-01
GMP,1,3,7,1,0,22,2,0,0,15,64,17,0,216,5,2019-03-01
KMP,0,1,2,1,0,15,0,0,5,4,28,3,1,222,3,2019-03-01
Khulna Range,3,2,40,3,1,125,0,0,13,36,504,20,5,715,38,2019-03-01
Mymensingh Range,1,0,17,2,0,102,1,0,4,19,379,5,0,467,4,2019-03-01
RMP,0,2,0,1,1,15,0,1,2,4,52,1,0,265,18,2019-03-01
RPMP,0,2,1,0,0,10,5,0,0,5,35,0,0,50,0,2019-03-01
Railway Range,0,0,2,0,0,1,0,0,0,9,17,0,0,49,11,2019-03-01
Rajshahi Range,2,2,22,10,0,138,4,1,4,35,523,17,4,1148,105,2019-03-01
Rangpur Range,2,1,15,0,0,152,3,3,8,44,545,2,0,561,81,2019-03-01
SMP,2,0,1,11,2,13,0,1,5,5,62,1,0,50,2,2019-03-01
Sylhet Range,1,2,23,1,0,72,2,7,4,44,351,3,0,215,13,2019-03-01
BMP,0,1,1,1,0,13,0,0,2,5,46,1,0,99,0,2019-04-01
Barishal Range,2,5,11,3,0,152,0,1,20,19,463,4,0,386,1,2019-04-01
CMP,1,9,15,6,0,50,0,5,8,16,107,60,0,478,8,2019-04-01
Chittagong Range,5,6,65,11,0,274,8,13,29,64,1041,72,1,1298,6,2019-04-01
DMP,1,10,12,13,0,216,14,8,38,107,469,12,3,1603,9,2019-04-01
Dhaka Range,10,15,65,2,0,322,16,8,28,85,1133,13,1,1888,5,2019-04-01
GMP,0,0,7,0,0,24,1,2,2,16,89,8,0,167,3,2019-04-01
KMP,0,0,1,0,0,15,0,0,2,4,32,2,0,197,7,2019-04-01
Khulna Range,2,4,35,1,0,161,6,2,15,28,616,14,0,697,29,2019-04-01
Mymensingh Range,1,1,24,2,0,166,0,0,4,34,427,3,0,510,2,2019-04-01
RMP,0,4,1,0,0,19,2,0,4,4,57,1,0,410,31,2019-04-01
RPMP,0,0,2,0,0,14,0,0,0,5,43,0,0,89,0,2019-04-01
Railway Range,0,1,2,0,0,1,1,0,0,4,11,0,0,67,13,2019-04-01
Rajshahi Range,1,8,36,9,0,212,0,1,5,46,606,15,2,1226,109,2019-04-01
Rangpur Range,1,4,23,1,0,216,2,2,6,41,745,1,0,607,72,2019-04-01
SMP,0,1,2,2,0,19,1,0,1,4,62,0,0,71,3,2019-04-01
Sylhet Range,4,2,17,2,0,97,5,3,7,32,394,3,0,236,23,2019-04-01
BMP,0,1,0,0,0,11,0,0,3,5,47,1,0,116,0,2019-05-01
Barishal Range,0,2,7,0,0,184,0,0,11,20,548,1,1,323,1,2019-05-01
CMP,0,13,9,0,0,46,1,7,6,20,170,111,0,548,5,2019-05-01
Chittagong Range,9,9,75,0,0,295,9,7,24,81,1265,82,0,1303,7,2019-05-01
DMP,2,16,16,5,0,211,9,8,63,122,638,11,3,1524,8,2019-05-01
Dhaka Range,4,12,63,0,0,331,7,15,31,88,1232,16,5,1863,6,2019-05-01
GMP,0,5,5,0,0,31,3,3,4,19,123,5,0,128,1,2019-05-01
KMP,0,2,0,0,0,12,0,1,2,7,40,0,0,117,2,2019-05-01
Khulna Range,3,4,36,0,0,171,3,3,11,35,725,22,4,642,31,2019-05-01
Mymensingh Range,1,0,27,0,0,139,5,3,6,30,549,4,0,485,4,2019-05-01
RMP,0,4,1,0,0,22,1,2,1,5,60,0,0,337,27,2019-05-01
RPMP,0,2,2,0,0,13,0,0,0,5,48,3,0,72,0,2019-05-01
Railway Range,0,1,3,0,0,0,0,0,0,7,13,0,0,48,16,2019-05-01
Rajshahi Range,2,5,35,0,0,241,2,3,10,41,629,18,6,1158,128,2019-05-01
Rangpur Range,1,2,17,0,0,227,1,3,7,46,801,1,1,553,81,2019-05-01
SMP,1,1,4,0,0,17,1,0,1,9,78,3,0,58,3,2019-05-01
Sylhet Range,1,3,20,0,0,90,1,4,2,39,526,5,1,216,13,2019-05-01
BMP,0,2,3,0,0,18,0,0,2,6,42,0,0,99,0,2019-06-01
Barishal Range,0,5,23,0,0,152,1,3,15,20,505,0,0,271,0,2019-06-01
CMP,0,8,6,1,0,51,3,5,7,16,135,68,0,414,4,2019-06-01
Chittagong Range,5,11,87,2,0,295,7,12,27,83,1128,71,0,1173,6,2019-06-01
DMP,2,7,19,0,0,234,6,9,56,108,387,8,3,1121,7,2019-06-01
Dhaka Range,10,17,66,3,0,315,8,11,34,86,1106,13,1,1350,5,2019-06-01
GMP,0,4,5,0,0,25,5,0,1,12,97,3,0,211,1,2019-06-01
KMP,0,0,1,0,0,16,0,0,1,5,43,0,0,115,2,2019-06-01
Khulna Range,3,17,32,0,0,196,5,5,20,49,696,15,2,568,43,2019-06-01
Mymensingh Range,0,2,19,0,0,173,4,3,4,32,565,5,0,503,9,2019-06-01
RMP,0,2,2,0,0,25,0,1,4,2,53,0,0,255,19,2019-06-01
RPMP,0,0,3,0,0,12,5,0,0,6,35,1,0,69,0,2019-06-01
Railway Range,1,0,0,0,0,1,0,0,0,5,10,0,0,36,11,2019-06-01
Rajshahi Range,2,7,54,0,0,250,3,3,8,29,644,12,4,1046,114,2019-06-01
Rangpur Range,1,2,22,1,0,222,1,2,6,40,756,2,0,467,82,2019-06-01
SMP,0,3,5,0,0,21,1,3,0,3,64,0,0,72,7,2019-06-01
Sylhet Range,1,5,24,0,0,94,3,4,7,45,383,5,0,179,12,2019-06-01
BMP,1,1,5,0,0,14,0,0,6,5,34,1,0,114,0,2019-07-01
Barishal Range,3,6,9,0,0,142,1,1,19,22,396,4,0,358,0,2019-07-01
CMP,0,7,4,0,0,73,0,0,13,21,117,62,0,450,3,2019-07-01
Chittagong Range,11,13,62,2,0,262,6,6,51,69,856,68,0,1195,8,2019-07-01
DMP,0,18,33,2,0,205,7,13,69,139,498,14,4,1627,11,2019-07-01
Dhaka Range,10,13,77,3,0,338,11,4,29,93,896,7,1,1577,5,2019-07-01
GMP,2,3,8,0,0,36,2,3,2,13,102,3,0,243,1,2019-07-01
KMP,0,1,2,0,0,16,0,0,1,3,31,0,0,90,3,2019-07-01
Khulna Range,4,8,39,0,0,213,1,4,17,62,644,18,5,956,30,2019-07-01
Mymensingh Range,1,3,20,0,0,155,2,6,6,31,393,7,0,646,5,2019-07-01
RMP,0,6,2,0,0,11,5,1,2,9,66,2,0,396,30,2019-07-01
RPMP,1,2,2,0,0,23,0,0,1,4,31,2,0,84,0,2019-07-01
Railway Range,0,4,1,0,0,1,0,0,0,7,7,1,0,62,24,2019-07-01
Rajshahi Range,1,4,35,0,0,256,4,2,8,42,479,23,4,1378,93,2019-07-01
Rangpur Range,1,2,18,0,0,225,3,2,9,45,754,2,0,650,100,2019-07-01
SMP,0,4,3,0,0,14,2,2,0,9,74,3,0,96,2,2019-07-01
Sylhet Range,3,1,12,0,0,99,0,2,8,37,367,7,0,248,20,2019-07-01
BMP,0,2,4,1,0,14,0,0,11,8,43,2,0,133,0,2019-08-01
Barishal Range,2,1,9,0,0,153,3,2,13,19,409,6,0,364,1,2019-08-01
CMP,1,7,5,7,0,68,1,4,16,20,133,67,0,400,1,2019-08-01
Chittagong Range,11,5,72,9,0,221,7,10,36,66,906,69,1,1213,7,2019-08-01
DMP,2,16,14,6,0,205,8,5,58,98,393,6,1,1371,6,2019-08-01
Dhaka Range,3,12,75,5,0,279,47,6,36,84,998,15,2,1441,2,2019-08-01
GMP,0,3,7,1,0,35,1,0,0,11,69,7,1,218,3,2019-08-01
KMP,0,0,3,0,0,13,0,0,1,11,33,1,0,83,0,2019-08-01
Khulna Range,3,9,37,2,0,174,3,1,19,46,572,21,5,809,29,2019-08-01
Mymensingh Range,1,4,29,4,0,161,2,4,5,33,518,10,0,482,9,2019-08-01
RMP,0,2,5,2,0,20,2,2,3,6,45,3,0,342,18,2019-08-01
RPMP,0,0,2,0,0,16,0,0,0,7,33,0,0,91,0,2019-08-01
Railway Range,0,2,3,0,0,2,0,0,0,5,26,0,0,27,4,2019-08-01
Rajshahi Range,1,9,28,10,0,196,2,2,7,43,603,20,4,1245,97,2019-08-01
Rangpur Range,0,4,27,1,0,271,0,2,7,66,842,4,1,620,88,2019-08-01
SMP,1,1,2,5,0,25,0,2,5,8,82,2,0,65,4,2019-08-01
Sylhet Range,3,2,22,2,0,84,2,6,9,39,372,4,0,252,29,2019-08-01
BMP,0,2,3,2,0,13,0,1,12,8,52,0,0,127,0,2019-09-01
Barishal Range,4,2,10,0,0,148,2,3,15,16,428,5,0,340,2,2019-09-01
CMP,0,10,6,4,0,80,1,3,13,15,116,65,0,441,2,2019-09-01
Chittagong Range,11,9,58,8,0,290,14,7,44,90,825,78,2,1284,11,2019-09-01
DMP,3,17,11,9,0,258,13,3,70,143,499,11,1,1496,15,2019-09-01
Dhaka Range,9,10,54,6,0,330,11,6,40,119,959,18,1,1471,10,2019-09-01
GMP,1,2,5,0,0,49,4,1,0,13,96,4,0,215,0,2019-09-01
KMP,1,0,2,1,0,7,0,0,1,9,34,0,0,148,0,2019-09-01
Khulna Range,2,5,25,4,0,203,4,3,25,64,612,15,0,877,41,2019-09-01
Mymensingh Range,1,2,24,6,0,161,4,4,4,48,501,7,0,766,15,2019-09-01
RMP,1,2,1,0,0,29,0,1,2,2,46,2,0,341,24,2019-09-01
RPMP,0,0,1,0,0,13,5,0,0,10,32,1,0,67,0,2019-09-01
Railway Range,0,0,2,0,0,1,0,0,0,5,12,0,0,41,16,2019-09-01
Rajshahi Range,1,9,26,6,0,284,9,3,9,38,542,28,6,1543,123,2019-09-01
Rangpur Range,1,3,22,1,0,285,5,2,12,67,752,4,0,706,71,2019-09-01
SMP,1,0,0,3,0,28,2,1,1,13,81,3,0,56,3,2019-09-01
Sylhet Range,2,2,18,0,0,97,3,10,10,52,356,9,0,279,27,2019-09-01
BMP,1,1,3,1,0,7,0,1,12,10,39,2,0,107,0,2019-10-01
Barishal Range,2,3,13,0,0,141,4,1,16,15,417,5,2,310,0,2019-10-01
CMP,0,9,8,11,0,97,3,0,11,15,122,53,2,432,3,2019-10-01
Chittagong Range,12,13,59,10,0,274,8,6,31,97,897,69,2,1075,10,2019-10-01
DMP,4,11,19,7,0,247,6,3,64,163,497,21,4,1192,8,2019-10-01
Dhaka Range,9,17,75,7,0,339,13,9,35,101,895,20,3,1326,7,2019-10-01
GMP,2,6,4,2,0,37,0,0,1,15,83,5,1,203,2,2019-10-01
KMP,0,0,1,1,0,10,0,0,3,6,28,0,2,108,1,2019-10-01
Khulna Range,3,5,21,4,0,175,0,2,22,54,564,13,3,805,42,2019-10-01
Mymensingh Range,1,2,19,3,0,160,4,5,5,32,355,4,1,608,13,2019-10-01
RMP,0,4,1,0,1,26,3,1,5,4,44,4,0,301,16,2019-10-01
RPMP,0,0,0,0,0,11,0,0,0,3,53,1,0,102,0,2019-10-01
Railway Range,0,2,2,1,0,0,0,0,0,9,6,0,1,34,17,2019-10-01
Rajshahi Range,2,10,29,11,0,230,5,4,6,41,555,24,4,1414,135,2019-10-01
Rangpur Range,1,5,21,2,0,226,0,3,17,63,610,2,0,579,104,2019-10-01
SMP,0,0,1,9,0,25,0,0,5,12,62,3,1,51,5,2019-10-01
Sylhet Range,1,2,12,0,0,96,2,3,8,46,340,6,0,241,34,2019-10-01
BMP,0,0,3,0,0,21,1,0,8,7,33,2,0,88,0,2019-11-01
Barishal Range,1,1,7,1,0,111,3,0,14,19,377,3,0,284,0,2019-11-01
CMP,0,5,5,9,0,94,0,2,8,20,109,51,1,421,4,2019-11-01
Chittagong Range,7,14,51,9,0,267,6,8,25,82,810,47,1,1058,6,2019-11-01
DMP,2,22,20,4,1,210,4,4,60,141,477,12,2,1355,15,2019-11-01
Dhaka Range,6,16,47,6,0,302,8,7,31,83,885,22,2,1245,10,2019-11-01
GMP,0,2,6,0,0,39,3,0,3,11,65,7,0,155,2,2019-11-01
KMP,0,0,1,0,0,9,0,0,4,1,23,3,0,111,1,2019-11-01
Khulna Range,1,7,28,2,0,169,0,1,19,62,596,21,4,743,26,2019-11-01
Mymensingh Range,0,2,14,2,0,161,1,0,7,34,417,3,0,597,4,2019-11-01
RMP,0,1,4,0,0,14,1,0,1,7,38,2,0,325,19,2019-11-01
RPMP,1,1,1,1,0,18,0,0,0,3,33,1,0,67,0,2019-11-01
Railway Range,0,4,1,0,0,0,0,0,0,5,9,1,0,33,15,2019-11-01
Rajshahi Range,1,6,26,4,0,236,3,4,7,35,554,22,4,1362,137,2019-11-01
Rangpur Range,1,6,22,2,0,183,0,7,8,42,677,3,0,533,81,2019-11-01
SMP,0,2,3,6,0,23,1,1,1,16,62,4,0,63,9,2019-11-01
Sylhet Range,2,6,19,0,0,66,1,4,1,31,312,10,0,230,31,2019-11-01
BMP,0,1,1,0,0,9,0,0,4,6,36,1,0,93,0,2019-12-01
Barishal Range,3,1,11,1,0,93,2,0,11,19,383,3,2,286,2,2019-12-01
CMP,0,6,6,7,0,60,1,0,16,12,112,54,2,373,3,2019-12-01
Chittagong Range,4,7,50,8,0,220,4,5,35,73,766,58,2,984,18,2019-12-01
DMP,2,13,17,12,1,176,8,6,74,111,402,7,6,1395,7,2019-12-01
Dhaka Range,11,16,60,6,0,266,6,5,28,87,806,14,2,1111,10,2019-12-01
GMP,3,3,5,0,0,36,3,0,2,13,73,1,0,212,1,2019-12-01
KMP,0,0,0,1,0,11,0,1,2,5,26,0,1,98,1,2019-12-01
Khulna Range,3,5,24,1,0,153,0,0,18,39,549,13,2,760,23,2019-12-01
Mymensingh Range,0,3,13,4,0,130,3,1,4,33,434,1,0,520,10,2019-12-01
RMP,0,0,2,0,0,15,2,1,2,7,33,1,0,272,23,2019-12-01
RPMP,1,2,3,1,0,11,0,0,1,11,28,1,0,64,0,2019-12-01
Railway Range,0,0,2,0,0,0,0,0,0,7,12,1,0,34,13,2019-12-01
Rajshahi Range,2,4,21,4,0,204,2,2,5,43,508,15,4,1439,135,2019-12-01
Rangpur Range,2,1,15,1,0,149,2,3,12,39,571,1,0,496,81,2019-12-01
SMP,0,0,4,4,0,17,1,1,2,18,64,1,1,50,8,2019-12-01
Sylhet Range,2,4,16,4,0,60,1,2,3,39,337,5,0,222,20,2019-12-01
BMP,0,1,2,2,0,13,0,0,7,16,37,1,0,106,0,2020-01-01
Barishal Range,1,3,12,0,0,105,5,0,11,21,377,6,0,299,2,2020-01-01
CMP,0,5,5,5,0,61,3,1,12,26,90,46,1,435,4,2020-01-01
Chittagong Range,9,12,65,11,0,190,3,6,42,91,821,50,4,1162,7,2020-01-01
DMP,2,19,21,5,2,172,4,3,65,138,469,13,3,1323,8,2020-01-01
Dhaka Range,16,18,41,10,0,253,5,5,39,95,760,13,1,1183,8,2020-01-01
GMP,0,4,4,0,0,33,1,0,0,11,91,2,0,192,0,2020-01-01
KMP,0,0,1,0,0,8,0,0,5,2,31,1,1,129,1,2020-01-01
Khulna Range,5,5,26,1,0,140,6,3,21,58,513,11,2,779,24,2020-01-01
Mymensingh Range,0,1,9,7,0,138,2,6,4,40,409,5,0,795,6,2020-01-01
RMP,0,1,1,0,0,17,0,0,0,11,43,0,0,289,26,2020-01-01
RPMP,0,0,2,0,0,22,0,0,0,8,38,1,0,63,0,2020-01-01
Railway Range,0,1,2,0,0,3,0,0,0,9,11,0,0,36,10,2020-01-01
Rajshahi Range,1,8,32,4,0,219,4,1,9,52,534,16,2,1549,136,2020-01-01
Rangpur Range,1,2,29,2,0,163,2,3,14,55,619,5,0,563,107,2020-01-01
SMP,2,1,1,5,0,22,0,1,4,3,53,0,0,55,4,2020-01-01
Sylhet Range,2,2,20,1,0,65,4,2,5,45,348,2,0,195,17,2020-01-01
BMP,0,2,1,2,0,12,0,0,10,10,44,0,0,93,0,2020-02-01
Barishal Range,1,4,12,0,0,106,2,1,9,26,374,1,0,299,2,2020-02-01
CMP,0,5,2,7,0,64,0,2,13,13,112,31,3,396,3,2020-02-01
Chittagong Range,10,16,48,7,0,239,10,5,35,89,828,48,2,1077,14,2020-02-01
DMP,1,15,21,10,1,194,1,4,74,113,467,12,1,1205,12,2020-02-01
Dhaka Range,4,14,54,8,0,263,11,4,24,74,806,15,1,1186,8,2020-02-01
GMP,0,2,3,1,0,48,3,1,2,14,90,6,0,165,1,2020-02-01
KMP,0,2,1,0,0,8,2,0,1,6,26,0,0,129,0,2020-02-01
Khulna Range,3,6,17,2,0,168,2,4,19,49,520,26,2,766,27,2020-02-01
Mymensingh Range,1,1,16,5,0,129,1,4,7,35,434,3,0,508,7,2020-02-01
RMP,0,5,1,0,0,16,2,0,1,7,55,1,0,268,13,2020-02-01
RPMP,0,1,2,1,0,15,0,1,0,6,40,0,0,72,0,2020-02-01
Railway Range,0,1,2,0,0,0,1,0,1,6,11,0,0,27,15,2020-02-01
Rajshahi Range,3,7,36,2,0,204,1,4,7,43,552,20,3,1542,124,2020-02-01
Rangpur Range,0,1,21,1,0,185,3,1,10,45,676,4,0,524,71,2020-02-01
SMP,0,2,1,10,0,22,1,1,1,5,59,1,0,54,1,2020-02-01
Sylhet Range,3,3,19,0,0,67,1,2,4,30,306,6,0,220,26,2020-02-01
BMP,0,0,1,3,0,10,0,1,8,5,39,0,0,102,0,2020-03-01
Barishal Range,1,4,7,5,0,110,2,1,13,21,476,0,0,327,1,2020-03-01
CMP,0,6,3,7,0,64,1,1,9,13,152,32,0,344,3,2020-03-01
Chittagong Range,8,9,62,11,0,230,5,11,32,65,953,53,0,976,14,2020-03-01
DMP,3,13,17,13,0,187,7,6,49,110,502,15,0,1129,8,2020-03-01
Dhaka Range,3,18,49,9,0,265,10,4,25,80,911,5,1,1009,1,2020-03-01
GMP,3,3,5,1,0,42,4,3,3,13,107,2,0,125,0,2020-03-01
KMP,0,0,3,1,0,7,0,0,1,2,18,0,0,102,0,2020-03-01
Khulna Range,4,12,32,3,0,195,4,1,17,57,651,23,1,616,23,2020-03-01
Mymensingh Range,1,2,21,3,0,122,0,4,4,31,457,4,0,436,10,2020-03-01
RMP,0,2,1,0,2,19,1,0,5,8,53,1,0,243,29,2020-03-01
RPMP,0,0,2,1,0,24,0,0,0,11,42,0,0,87,0,2020-03-01
Railway Range,0,2,3,0,0,0,0,0,1,6,11,0,0,20,5,2020-03-01
Rajshahi Range,0,3,21,9,0,220,1,5,7,34,566,18,1,1441,94,2020-03-01
Rangpur Range,1,1,22,1,0,194,1,1,9,62,644,2,0,457,65,2020-03-01
SMP,0,0,4,4,0,26,0,0,2,7,75,0,0,42,1,2020-03-01
Sylhet Range,2,3,26,1,0,88,3,5,10,35,338,6,0,167,17,2020-03-01
BMP,0,0,3,1,0,4,0,0,1,3,37,0,0,26,0,2020-04-01
Barishal Range,0,0,16,4,0,95,1,3,11,8,537,0,2,68,0,2020-04-01
CMP,0,4,9,3,0,16,0,1,4,10,51,16,0,51,1,2020-04-01
Chittagong Range,2,5,55,7,0,108,1,9,17,37,936,24,1,321,0,2020-04-01
DMP,1,5,8,6,0,47,0,1,21,22,118,2,0,120,0,2020-04-01
Dhaka Range,5,7,51,4,0,128,2,11,11,40,786,8,2,190,3,2020-04-01
GMP,0,1,3,1,0,11,0,0,2,7,68,1,0,22,1,2020-04-01
KMP,0,1,0,0,0,1,0,1,1,1,9,0,0,7,0,2020-04-01
Khulna Range,0,2,29,3,0,127,1,3,9,41,633,10,0,242,7,2020-04-01
Mymensingh Range,0,1,25,1,0,58,2,4,1,27,666,1,0,38,2,2020-04-01
RMP,0,1,1,0,0,11,0,1,3,3,44,0,0,51,5,2020-04-01
RPMP,0,1,1,0,0,6,0,0,0,3,35,0,0,10,0,2020-04-01
Railway Range,0,0,0,0,0,0,0,0,0,2,1,0,0,0,0,2020-04-01
Rajshahi Range,0,3,31,2,0,160,2,4,1,23,560,14,4,276,34,2020-04-01
Rangpur Range,0,1,27,3,0,104,1,2,5,29,706,0,0,151,28,2020-04-01
SMP,0,0,1,2,0,11,0,1,4,6,49,0,0,10,0,2020-04-01
Sylhet Range,2,0,13,0,0,38,0,4,2,31,336,1,0,56,2,2020-04-01
BMP,0,0,2,2,0,4,0,0,2,5,34,1,0,8,0,2020-05-01
Barishal Range,0,2,12,1,0,106,1,2,9,10,514,2,0,117,2,2020-05-01
CMP,0,3,6,3,0,23,0,0,11,20,102,12,0,51,2,2020-05-01
Chittagong Range,2,10,97,9,0,143,4,12,21,58,1172,51,1,613,2,2020-05-01
DMP,2,8,13,6,0,68,1,3,31,43,172,8,0,161,2,2020-05-01
Dhaka Range,5,12,54,4,0,158,6,16,27,66,1030,4,3,331,0,2020-05-01
GMP,1,5,8,2,0,11,2,1,2,9,65,3,0,34,0,2020-05-01
KMP,0,0,0,0,0,12,1,0,0,2,21,0,0,5,0,2020-05-01
Khulna Range,1,2,36,2,0,131,0,2,8,45,672,9,1,294,5,2020-05-01
Mymensingh Range,0,0,26,3,0,104,3,0,4,28,735,2,0,108,3,2020-05-01
RMP,0,1,2,0,0,17,0,0,4,2,51,2,0,60,7,2020-05-01
RPMP,0,1,5,0,0,8,0,0,0,5,42,0,0,15,0,2020-05-01
Railway Range,0,0,0,0,0,1,0,0,0,1,3,0,0,1,1,2020-05-01
Rajshahi Range,0,9,32,7,0,163,0,6,3,29,615,15,1,328,38,2020-05-01
Rangpur Range,0,5,38,1,0,152,0,4,9,37,819,1,0,224,30,2020-05-01
SMP,0,0,2,3,0,16,0,1,2,6,86,1,0,27,2,2020-05-01
Sylhet Range,0,1,28,1,0,51,1,3,3,31,452,1,0,84,10,2020-05-01
BMP,0,3,2,0,0,12,0,0,4,10,28,0,0,18,0,2020-06-01
Barishal Range,0,3,12,0,0,108,1,0,16,10,359,3,0,223,0,2020-06-01
CMP,1,5,8,10,0,33,0,2,3,7,104,23,0,133,1,2020-06-01
Chittagong Range,4,7,54,9,0,215,7,3,35,62,918,44,1,636,9,2020-06-01
DMP,2,13,19,7,0,185,3,5,45,92,328,11,0,465,2,2020-06-01
Dhaka Range,13,13,64,18,0,269,16,10,31,73,958,14,4,646,5,2020-06-01
GMP,3,1,7,6,0,38,2,1,3,11,68,3,0,45,0,2020-06-01
KMP,0,2,3,0,0,5,0,0,0,4,8,0,0,51,0,2020-06-01
Khulna Range,4,9,32,5,0,188,2,5,19,63,662,16,2,436,15,2020-06-01
Mymensingh Range,0,9,12,8,0,136,0,2,7,35,543,2,0,236,3,2020-06-01
RMP,0,4,0,2,0,15,0,0,1,6,40,0,0,54,6,2020-06-01
RPMP,0,0,3,2,0,21,1,0,1,6,47,0,0,24,0,2020-06-01
Railway Range,0,0,1,0,0,1,0,0,0,2,7,0,0,6,1,2020-06-01
Rajshahi Range,0,4,33,7,0,230,3,0,5,41,556,18,2,650,74,2020-06-01
Rangpur Range,0,5,28,7,0,197,1,1,9,45,756,0,0,355,23,2020-06-01
SMP,0,0,6,5,0,20,0,1,0,8,45,1,0,25,2,2020-06-01
Sylhet Range,0,1,19,0,0,66,2,3,5,31,325,1,0,142,14,2020-06-01
BMP,0,1,0,1,0,18,0,0,6,14,39,1,0,31,1,2020-07-01
Barishal Range,2,3,12,0,0,111,0,1,13,17,354,9,0,290,0,2020-07-01
CMP,0,8,8,8,0,69,0,2,9,25,155,59,2,303,4,2020-07-01
Chittagong Range,6,12,90,11,0,241,9,7,39,96,868,88,0,1303,11,2020-07-01
DMP,1,22,27,10,0,216,2,6,55,122,509,16,2,1418,3,2020-07-01
Dhaka Range,7,18,70,15,0,268,13,12,31,104,928,10,2,1015,10,2020-07-01
GMP,2,1,5,2,0,38,2,1,3,8,83,4,0,136,0,2020-07-01
KMP,0,2,4,0,0,13,0,0,1,6,27,2,0,188,1,2020-07-01
Khulna Range,2,10,29,4,0,215,3,3,24,92,597,16,0,716,32,2020-07-01
Mymensingh Range,1,4,13,8,0,143,1,1,6,56,451,3,0,452,7,2020-07-01
RMP,0,4,3,0,0,23,0,0,1,15,41,1,0,59,7,2020-07-01
RPMP,0,0,2,2,0,24,5,0,0,11,57,0,0,33,0,2020-07-01
Railway Range,0,0,1,0,0,0,0,0,0,5,9,0,0,13,3,2020-07-01
Rajshahi Range,0,3,40,8,0,220,0,5,5,63,503,23,7,1240,87,2020-07-01
Rangpur Range,1,2,26,3,0,217,3,0,15,83,734,1,0,499,37,2020-07-01
SMP,0,1,5,7,1,21,0,0,3,12,55,1,0,52,4,2020-07-01
Sylhet Range,1,0,23,2,0,75,0,1,5,50,307,5,0,329,32,2020-07-01
BMP,0,1,0,3,0,16,0,0,6,12,38,3,0,43,0,2020-08-01
Barishal Range,1,3,13,9,0,141,1,2,13,21,429,3,0,210,0,2020-08-01
CMP,0,4,3,10,0,105,0,1,13,13,121,20,0,149,2,2020-08-01
Chittagong Range,6,10,58,10,0,233,9,5,53,85,1015,14,1,748,13,2020-08-01
DMP,1,13,20,10,0,222,4,2,65,89,443,8,1,978,5,2020-08-01
Dhaka Range,12,17,76,11,1,318,11,4,32,59,1036,15,4,712,12,2020-08-01
GMP,1,1,6,3,0,57,5,0,5,16,89,2,0,118,0,2020-08-01
KMP,0,1,4,1,0,9,1,1,4,9,29,2,0,119,0,2020-08-01
Khulna Range,3,8,29,2,0,212,5,2,15,63,613,4,1,517,28,2020-08-01
Mymensingh Range,0,2,21,10,0,195,1,0,11,28,590,2,0,264,7,2020-08-01
RMP,0,5,1,0,0,27,1,0,9,10,58,0,0,157,14,2020-08-01
RPMP,0,1,0,3,0,26,6,0,0,15,68,0,0,37,0,2020-08-01
Railway Range,0,0,1,0,0,1,0,0,0,1,4,0,0,13,2,2020-08-01
Rajshahi Range,1,9,33,7,0,342,3,3,9,44,584,12,4,938,94,2020-08-01
Rangpur Range,0,3,33,4,0,304,2,0,13,68,901,0,0,314,33,2020-08-01
SMP,1,3,2,6,0,17,0,1,3,9,61,2,0,48,4,2020-08-01
Sylhet Range,2,3,22,2,0,88,0,3,7,42,410,3,0,210,32,2020-08-01
BMP,0,0,4,1,0,14,1,0,3,10,44,1,0,49,0,2020-09-01
Barishal Range,2,6,11,7,0,145,3,1,15,22,382,4,0,224,0,2020-09-01
CMP,0,10,5,9,0,73,0,3,16,25,168,39,1,220,2,2020-09-01
Chittagong Range,6,18,54,8,0,260,5,3,55,105,914,16,2,765,8,2020-09-01
DMP,2,26,22,9,0,214,8,4,60,126,559,11,2,1438,6,2020-09-01
Dhaka Range,13,17,65,14,0,370,14,4,33,112,968,17,2,747,2,2020-09-01
GMP,1,3,5,3,0,58,4,0,7,15,73,1,1,93,3,2020-09-01
KMP,0,3,0,2,0,6,2,0,1,13,30,0,0,155,1,2020-09-01
Khulna Range,1,7,25,1,0,187,2,1,24,88,626,17,5,535,26,2020-09-01
Mymensingh Range,2,3,18,15,0,202,1,0,6,41,457,3,0,220,5,2020-09-01
RMP,0,2,2,1,0,24,1,0,5,5,51,2,0,271,15,2020-09-01
RPMP,0,1,2,1,0,15,0,0,3,9,44,1,0,54,0,2020-09-01
Railway Range,0,1,1,0,0,1,1,0,0,5,5,0,0,18,0,2020-09-01
Rajshahi Range,0,6,29,8,0,348,2,4,12,58,577,11,3,969,101,2020-09-01
Rangpur Range,0,1,25,1,0,287,5,1,13,67,651,3,0,361,28,2020-09-01
SMP,0,0,1,4,0,28,2,1,5,12,58,1,0,42,10,2020-09-01
Sylhet Range,1,1,10,0,0,107,3,1,6,39,386,1,0,193,24,2020-09-01
BMP,0,2,1,2,0,21,0,0,6,8,48,0,0,70,0,2020-10-01
Barishal Range,2,2,10,17,0,178,3,4,14,18,395,2,1,225,1,2020-10-01
CMP,0,19,12,19,0,115,4,1,12,21,155,46,1,293,3,2020-10-01
Chittagong Range,13,20,59,7,0,481,17,10,47,110,1035,38,3,810,15,2020-10-01
DMP,0,18,22,12,0,297,3,12,61,125,544,15,4,1429,4,2020-10-01
Dhaka Range,12,23,63,17,0,470,13,10,45,107,991,16,2,683,6,2020-10-01
GMP,1,5,7,2,0,55,1,0,1,8,75,2,0,72,1,2020-10-01
KMP,0,1,0,1,0,18,0,1,2,12,29,0,0,97,0,2020-10-01
Khulna Range,0,8,31,6,0,242,1,1,24,79,675,13,0,527,28,2020-10-01
Mymensingh Range,0,4,21,6,0,265,3,4,10,53,454,1,0,270,14,2020-10-01
RMP,0,1,0,0,0,32,3,0,4,5,47,2,0,301,40,2020-10-01
RPMP,0,0,1,1,0,30,0,0,0,14,53,0,0,74,0,2020-10-01
Railway Range,1,2,2,0,0,1,1,0,0,8,8,1,0,16,2,2020-10-01
Rajshahi Range,3,8,36,5,0,324,3,2,13,46,574,17,2,1068,114,2020-10-01
Rangpur Range,0,4,17,3,0,297,1,3,13,66,691,0,0,345,25,2020-10-01
SMP,0,0,1,3,0,29,1,1,3,13,73,1,0,36,13,2020-10-01
Sylhet Range,0,3,21,2,0,127,1,3,7,52,350,1,0,169,42,2020-10-01
BMP,0,2,2,2,0,19,0,0,5,12,33,0,0,70,0,2020-11-01
Barishal Range,1,1,13,1,0,135,1,1,13,22,419,0,0,261,0,2020-11-01
CMP,1,7,8,16,0,96,3,2,13,23,154,49,0,256,5,2020-11-01
Chittagong Range,10,13,47,4,4,297,12,1,30,112,976,28,3,815,12,2020-11-01
DMP,2,10,18,9,0,225,4,7,72,123,535,6,8,1450,11,2020-11-01
Dhaka Range,13,19,63,16,0,358,12,9,34,100,1140,16,2,827,5,2020-11-01
GMP,1,2,3,1,0,41,6,0,4,8,93,0,0,76,0,2020-11-01
KMP,0,1,1,0,0,15,0,1,2,7,37,0,0,148,0,2020-11-01
Khulna Range,1,6,24,8,0,193,3,1,17,75,601,15,1,542,25,2020-11-01
Mymensingh Range,0,0,16,9,0,183,1,3,7,43,507,1,0,283,11,2020-11-01
RMP,0,1,4,1,0,26,1,0,3,7,56,0,0,377,33,2020-11-01
RPMP,0,0,2,1,0,18,0,1,4,8,48,0,0,54,0,2020-11-01
Railway Range,0,2,0,0,0,1,0,0,0,5,16,1,0,34,0,2020-11-01
Rajshahi Range,0,7,27,3,0,235,3,6,8,39,585,11,3,971,76,2020-11-01
Rangpur Range,0,2,21,2,0,239,1,3,16,46,717,0,0,395,17,2020-11-01
SMP,0,0,4,9,0,37,0,1,3,11,101,3,1,61,10,2020-11-01
Sylhet Range,0,6,18,4,0,84,0,4,8,34,365,4,1,167,19,2020-11-01
BMP,0,1,2,1,0,18,0,0,9,10,28,2,0,64,0,2020-12-01
Barishal Range,0,2,13,1,0,92,0,2,6,20,387,2,1,229,0,2020-12-01
CMP,0,5,8,10,0,78,2,2,8,20,137,37,1,268,5,2020-12-01
Chittagong Range,7,12,38,14,2,251,11,6,40,110,936,20,3,884,12,2020-12-01
DMP,4,14,11,8,0,171,7,1,60,114,486,7,10,1503,11,2020-12-01
Dhaka Range,6,22,54,19,0,278,11,8,51,91,938,5,2,683,7,2020-12-01
GMP,1,1,10,1,0,24,13,2,8,7,65,1,0,110,1,2020-12-01
KMP,0,2,0,0,0,10,1,0,3,6,33,0,0,75,1,2020-12-01
Khulna Range,1,8,24,4,0,137,5,0,15,63,571,8,2,526,20,2020-12-01
Mymensingh Range,0,1,17,6,0,186,1,1,10,42,457,6,0,293,5,2020-12-01
RMP,0,2,0,1,0,14,2,2,2,3,45,2,0,311,18,2020-12-01
RPMP,0,0,1,0,0,20,0,0,3,8,42,1,0,58,0,2020-12-01
Railway Range,0,0,2,0,0,1,0,1,0,8,7,0,0,18,1,2020-12-01
Rajshahi Range,1,4,38,3,0,196,2,5,4,43,491,10,0,766,89,2020-12-01
Rangpur Range,1,3,24,3,0,204,1,0,4,57,683,2,0,448,28,2020-12-01
SMP,1,0,3,4,0,20,0,2,2,18,104,3,1,87,4,2020-12-01
Sylhet Range,1,4,14,3,0,70,1,3,5,37,359,6,1,186,20,2020-12-01
BMP,0,1,2,1,0,5,0,0,7,12,50,1,0,48,0,2021-01-01
Barishal Range,1,1,13,8,0,85,1,3,10,17,378,1,0,234,0,2021-01-01
CMP,0,3,9,11,0,77,0,7,8,17,150,35,11,240,4,2021-01-01
Chittagong Range,9,9,46,10,0,189,1,10,34,94,919,23,6,920,5,2021-01-01
DMP,3,15,18,12,0,185,7,7,68,128,504,5,4,1532,17,2021-01-01
Dhaka Range,12,19,51,7,0,279,10,6,45,132,1011,10,5,643,6,2021-01-01
GMP,1,6,2,3,0,28,5,1,7,8,57,5,0,100,0,2021-01-01
KMP,0,1,2,0,0,8,3,1,2,18,24,3,0,79,3,2021-01-01
Khulna Range,2,12,19,2,0,157,0,2,16,65,674,9,2,559,20,2021-01-01
Mymensingh Range,0,1,7,15,0,142,2,0,9,39,458,2,0,392,14,2021-01-01
RMP,0,2,2,0,0,18,1,1,2,5,39,1,0,329,26,2021-01-01
RPMP,0,0,0,9,0,21,1,0,3,12,50,0,0,68,0,2021-01-01
Railway Range,0,1,1,1,0,2,0,0,0,3,9,0,0,24,0,2021-01-01
Rajshahi Range,1,7,42,2,0,182,2,4,5,39,496,17,7,818,63,2021-01-01
Rangpur Range,3,4,25,0,0,159,2,1,8,46,680,1,0,416,39,2021-01-01
SMP,0,2,2,5,0,23,1,1,3,15,89,0,0,87,8,2021-01-01
Sylhet Range,1,3,16,6,0,81,1,3,5,44,357,1,2,150,33,2021-01-01
BMP,0,1,2,0,0,5,0,0,3,5,41,0,0,50,0,2021-02-01
Barishal Range,2,1,9,10,0,110,0,1,12,23,372,0,1,197,0,2021-02-01
CMP,0,4,3,12,0,55,3,5,12,26,144,46,2,270,2,2021-02-01
Chittagong Range,4,11,43,8,0,198,8,7,33,91,908,33,7,891,11,2021-02-01
DMP,0,8,12,5,0,171,4,11,55,101,459,7,3,1224,15,2021-02-01
Dhaka Range,14,17,54,10,0,277,8,6,37,116,918,14,2,846,3,2021-02-01
GMP,3,3,8,3,0,32,4,0,4,16,66,2,1,72,0,2021-02-01
KMP,0,0,1,0,0,8,0,1,2,8,41,1,0,92,0,2021-02-01
Khulna Range,2,4,27,1,1,151,4,3,21,91,604,14,0,632,15,2021-02-01
Mymensingh Range,0,3,20,12,0,130,2,0,5,38,470,0,3,269,15,2021-02-01
RMP,0,3,1,0,0,18,4,2,0,7,49,0,0,221,18,2021-02-01
RPMP,0,0,1,1,0,17,1,0,0,9,37,0,0,65,0,2021-02-01
Railway Range,0,0,1,1,0,1,0,0,1,7,8,0,0,36,0,2021-02-01
Rajshahi Range,1,6,30,5,0,158,1,2,6,39,566,21,6,802,66,2021-02-01
Rangpur Range,0,1,18,4,0,158,2,2,18,41,662,2,3,457,19,2021-02-01
SMP,0,0,4,13,0,33,0,5,3,13,85,1,0,75,4,2021-02-01
Sylhet Range,0,5,15,5,0,75,1,5,5,54,297,6,0,223,29,2021-02-01
BMP,0,1,2,3,0,8,0,0,5,5,30,1,0,71,0,2021-03-01
Barishal Range,1,1,8,7,0,108,1,1,11,24,407,2,1,307,0,2021-03-01
CMP,1,6,8,17,0,77,4,3,15,22,143,54,3,334,1,2021-03-01
Chittagong Range,7,12,54,17,0,259,9,21,24,98,1070,34,5,1118,13,2021-03-01
DMP,3,8,7,6,1,223,8,14,50,115,531,8,5,1303,8,2021-03-01
Dhaka Range,7,28,90,13,0,332,6,17,46,107,1100,9,2,799,3,2021-03-01
GMP,0,3,4,4,0,47,2,4,5,11,76,5,0,123,0,2021-03-01
KMP,0,0,1,0,0,9,0,2,1,10,35,2,0,117,0,2021-03-01
Khulna Range,3,11,24,5,0,196,3,0,23,89,688,18,0,848,33,2021-03-01
Mymensingh Range,1,1,15,17,0,189,3,0,9,44,502,4,0,488,18,2021-03-01
RMP,0,2,1,0,0,19,0,1,1,5,53,0,0,292,19,2021-03-01
RPMP,0,0,0,4,0,11,0,0,7,16,41,0,0,72,2,2021-03-01
Railway Range,0,0,0,0,0,0,0,0,0,7,8,0,0,34,1,2021-03-01
Rajshahi Range,0,7,34,4,0,210,4,6,7,48,606,13,1,992,57,2021-03-01
Rangpur Range,0,3,24,4,0,221,2,2,12,69,698,1,1,503,32,2021-03-01
SMP,0,1,2,7,0,20,0,1,4,12,83,3,0,61,5,2021-03-01
Sylhet Range,0,1,21,2,0,71,3,7,5,40,368,2,0,174,26,2021-03-01
BMP,0,2,0,0,0,13,0,0,2,12,35,1,0,76,0,2021-04-01
Barishal Range,1,4,14,3,0,119,0,1,12,20,528,6,1,188,1,2021-04-01
CMP,0,4,9,14,0,51,2,2,11,22,174,68,0,181,1,2021-04-01
Chittagong Range,2,6,56,11,0,209,6,12,19,67,1214,30,2,845,13,2021-04-01
DMP,1,13,18,3,3,177,2,8,50,95,454,8,2,947,8,2021-04-01
Dhaka Range,6,23,65,13,5,301,7,9,26,118,1263,13,7,592,3,2021-04-01
GMP,0,2,4,2,0,53,2,2,6,11,68,2,0,62,1,2021-04-01
KMP,0,0,1,0,0,6,0,0,5,11,32,0,0,97,0,2021-04-01
Khulna Range,1,10,25,3,0,200,5,5,13,66,792,6,4,489,13,2021-04-01
Mymensingh Range,0,0,17,12,0,168,4,3,6,36,635,2,0,292,6,2021-04-01
RMP,0,3,5,0,0,18,0,0,1,4,55,1,0,128,12,2021-04-01
RPMP,0,0,2,2,0,31,1,1,1,12,67,0,0,29,0,2021-04-01
Railway Range,0,0,0,0,0,0,0,0,0,4,6,0,0,10,0,2021-04-01
Rajshahi Range,1,5,34,4,0,213,2,3,3,43,665,14,1,889,61,2021-04-01
Rangpur Range,1,4,28,3,0,198,2,2,10,51,853,2,0,349,15,2021-04-01
SMP,0,0,2,3,0,26,0,1,3,16,110,3,0,72,7,2021-04-01
Sylhet Range,2,4,22,2,0,72,3,2,8,33,394,2,0,151,25,2021-04-01
BMP,1,0,0,2,0,12,1,0,6,6,35,3,0,70,0,2021-05-01
Barishal Range,1,4,17,7,0,85,0,0,15,25,537,2,3,235,0,2021-05-01
CMP,1,4,2,18,0,54,5,1,17,21,193,47,0,209,0,2021-05-01
Chittagong Range,3,14,54,22,0,250,6,11,36,91,1314,35,1,1021,8,2021-05-01
DMP,4,17,19,11,0,172,1,5,52,116,488,17,5,1064,12,2021-05-01
Dhaka Range,8,19,54,13,0,304,12,8,30,98,1182,21,5,683,3,2021-05-01
GMP,0,3,6,2,0,37,3,3,2,15,66,1,0,70,0,2021-05-01
KMP,0,2,3,0,0,13,0,0,1,8,33,0,0,94,0,2021-05-01
Khulna Range,1,5,32,5,0,177,2,1,10,63,762,7,2,571,12,2021-05-01
Mymensingh Range,0,2,19,17,0,191,0,2,2,51,704,2,0,270,12,2021-05-01
RMP,0,1,1,0,0,16,0,0,4,7,53,2,0,174,11,2021-05-01
RPMP,0,0,1,5,0,16,0,0,8,8,64,0,0,42,0,2021-05-01
Railway Range,0,0,1,0,0,0,0,0,0,4,3,0,0,5,0,2021-05-01
Rajshahi Range,1,5,33,8,0,187,3,6,8,55,675,17,1,852,47,2021-05-01
Rangpur Range,1,2,22,0,0,229,4,3,5,56,846,2,0,436,30,2021-05-01
SMP,0,0,5,6,0,22,1,1,2,11,97,3,0,81,5,2021-05-01
Sylhet Range,2,5,26,0,0,84,1,3,5,27,440,2,0,156,15,2021-05-01
BMP,0,1,0,2,0,12,1,0,4,14,30,2,0,90,0,2021-06-01
Barishal Range,2,5,19,13,0,123,5,4,8,24,441,1,0,214,0,2021-06-01
CMP,0,6,4,13,0,87,3,3,15,25,187,52,0,254,7,2021-06-01
Chittagong Range,6,14,46,13,0,294,12,6,27,108,988,28,0,1205,22,2021-06-01
DMP,4,15,10,13,0,213,3,4,58,105,570,8,3,1373,9,2021-06-01
Dhaka Range,20,13,58,9,2,363,13,11,40,112,946,25,2,1018,4,2021-06-01
GMP,1,1,3,3,0,41,1,0,2,12,60,4,0,96,0,2021-06-01
KMP,0,1,0,0,0,18,0,1,1,11,38,1,0,97,2,2021-06-01
Khulna Range,2,8,23,3,0,196,3,2,19,77,678,7,1,583,11,2021-06-01
Mymensingh Range,0,2,20,17,0,238,2,2,4,43,528,4,1,307,11,2021-06-01
RMP,0,1,5,1,1,13,0,0,2,3,40,2,0,134,7,2021-06-01
RPMP,0,0,2,2,0,22,1,0,2,10,51,1,0,65,0,2021-06-01
Railway Range,0,2,0,0,0,1,0,0,0,4,11,1,0,15,0,2021-06-01
Rajshahi Range,0,7,28,11,0,231,3,5,7,65,629,13,5,863,59,2021-06-01
Rangpur Range,0,4,28,2,0,273,2,1,17,58,743,0,0,413,32,2021-06-01
SMP,0,2,3,6,0,30,0,1,6,19,81,0,0,69,5,2021-06-01
Sylhet Range,3,4,18,4,0,113,1,1,5,48,373,4,0,171,31,2021-06-01
BMP,1,0,0,2,0,11,0,0,5,8,38,2,0,72,0,2021-07-01
Barishal Range,2,0,10,7,0,108,1,1,16,19,374,2,0,181,0,2021-07-01
CMP,0,5,9,13,0,57,0,1,15,29,130,40,0,107,3,2021-07-01
Chittagong Range,5,10,45,12,0,225,6,7,43,98,959,36,6,1040,11,2021-07-01
DMP,1,7,8,7,0,190,2,2,44,98,428,12,5,970,7,2021-07-01
Dhaka Range,7,14,59,20,0,288,4,5,45,100,937,29,1,678,2,2021-07-01
GMP,1,1,10,2,0,30,3,1,3,18,50,1,0,77,0,2021-07-01
KMP,0,0,1,0,0,13,0,0,2,8,24,0,0,75,2,2021-07-01
Khulna Range,0,4,28,2,0,129,1,1,23,62,612,12,1,446,15,2021-07-01
Mymensingh Range,0,1,19,11,0,194,1,2,4,50,564,2,0,189,21,2021-07-01
RMP,0,2,2,1,0,11,0,0,7,4,58,0,0,141,6,2021-07-01
RPMP,0,0,1,6,0,28,1,0,0,16,38,0,0,45,0,2021-07-01
Railway Range,0,0,0,0,0,1,0,0,0,4,4,0,0,4,0,2021-07-01
Rajshahi Range,2,8,34,12,0,198,2,7,5,58,576,12,3,853,47,2021-07-01
Rangpur Range,1,4,33,2,0,230,2,3,18,55,715,1,0,306,25,2021-07-01
SMP,0,3,1,5,0,26,0,1,7,12,68,3,0,55,6,2021-07-01
Sylhet Range,2,2,19,1,0,78,1,1,3,42,326,3,0,179,31,2021-07-01
BMP,0,0,1,1,0,19,0,1,4,16,31,0,0,93,0,2021-08-01
Barishal Range,3,3,11,6,0,121,0,0,13,27,313,2,0,286,2,2021-08-01
CMP,0,7,5,15,1,66,1,1,21,35,159,37,0,184,1,2021-08-01
Chittagong Range,6,16,58,10,0,245,8,7,49,95,845,50,2,1314,23,2021-08-01
DMP,1,13,13,4,0,171,1,4,74,124,487,8,5,1384,24,2021-08-01
Dhaka Range,9,16,59,22,1,332,6,5,50,115,913,25,4,843,3,2021-08-01
GMP,1,3,1,0,0,34,2,1,6,11,57,1,0,108,0,2021-08-01
KMP,0,0,0,0,0,10,0,0,4,17,30,3,0,104,1,2021-08-01
Khulna Range,3,9,26,2,0,184,0,3,19,70,595,10,1,681,18,2021-08-01
Mymensingh Range,0,2,24,13,0,225,1,0,6,60,549,0,1,342,19,2021-08-01
RMP,0,2,4,1,0,10,0,0,3,4,38,3,0,374,7,2021-08-01
RPMP,0,0,0,0,0,11,2,0,5,13,45,0,0,67,0,2021-08-01
Railway Range,0,1,1,0,0,0,0,0,0,13,11,0,0,13,0,2021-08-01
Rajshahi Range,4,7,30,8,0,230,5,5,10,76,576,21,4,1535,53,2021-08-01
Rangpur Range,3,2,25,3,0,293,4,3,26,65,676,2,0,424,23,2021-08-01
SMP,0,0,2,5,0,24,0,0,1,16,83,5,0,78,9,2021-08-01
Sylhet Range,0,3,18,3,0,104,2,0,5,48,316,2,0,218,26,2021-08-01
BMP,0,0,0,0,0,11,0,0,6,8,37,1,0,90,0,2021-09-01
Barishal Range,1,1,9,3,0,131,2,1,8,26,294,1,0,272,1,2021-09-01
CMP,1,10,3,11,0,70,0,0,25,26,173,48,0,213,1,2021-09-01
Chittagong Range,3,8,56,6,0,266,12,9,42,109,849,39,4,1345,15,2021-09-01
DMP,1,12,19,4,0,221,6,1,44,105,507,9,7,1438,13,2021-09-01
Dhaka Range,9,27,47,13,0,319,6,13,30,151,868,27,1,816,7,2021-09-01
GMP,2,1,6,1,0,34,3,1,2,12,65,4,0,100,0,2021-09-01
KMP,0,0,4,0,0,9,0,0,2,10,22,1,0,97,0,2021-09-01
Khulna Range,0,8,27,5,0,194,0,5,22,76,635,10,2,539,13,2021-09-01
Mymensingh Range,0,1,17,8,0,204,3,0,2,60,494,3,0,354,17,2021-09-01
RMP,0,1,7,0,0,17,0,2,2,9,51,1,0,276,11,2021-09-01
RPMP,0,0,2,3,0,22,0,0,4,13,40,0,0,62,0,2021-09-01
Railway Range,1,1,1,0,0,1,0,0,0,18,8,1,0,34,1,2021-09-01
Rajshahi Range,1,9,31,8,0,245,1,3,12,64,619,16,1,1242,71,2021-09-01
Rangpur Range,3,1,17,3,0,238,4,1,19,82,616,0,1,364,21,2021-09-01
SMP,0,1,3,7,0,41,0,1,5,16,108,0,0,68,5,2021-09-01
Sylhet Range,1,5,18,5,0,112,0,0,10,45,339,2,0,177,22,2021-09-01
BMP,0,0,2,4,0,10,0,0,9,10,49,0,0,92,0,2021-10-01
Barishal Range,3,4,12,1,0,128,1,1,19,19,400,1,0,246,0,2021-10-01
CMP,0,8,2,2,0,102,4,1,12,23,162,15,0,169,1,2021-10-01
Chittagong Range,6,10,43,4,0,265,5,21,32,105,963,33,2,945,8,2021-10-01
DMP,4,13,17,7,0,215,5,6,46,110,597,10,5,1472,16,2021-10-01
Dhaka Range,8,28,60,18,1,299,1,13,35,123,904,20,1,690,7,2021-10-01
GMP,1,0,4,5,0,38,4,0,0,17,58,2,0,109,0,2021-10-01
KMP,1,0,1,0,0,12,0,0,0,11,40,2,0,83,2,2021-10-01
Khulna Range,3,8,17,3,0,170,2,2,24,82,563,21,4,519,17,2021-10-01
Mymensingh Range,1,0,10,13,0,179,1,0,1,46,436,2,0,274,25,2021-10-01
RMP,0,2,1,0,0,12,1,0,3,9,47,0,0,281,9,2021-10-01
RPMP,0,0,1,1,0,17,0,0,2,13,53,0,0,58,0,2021-10-01
Railway Range,0,0,2,0,0,0,0,0,0,12,7,0,0,18,1,2021-10-01
Rajshahi Range,0,8,37,7,0,185,5,6,11,61,553,20,2,1224,54,2021-10-01
Rangpur Range,1,1,18,1,0,229,2,2,18,55,578,1,0,305,18,2021-10-01
SMP,0,6,2,4,0,26,1,2,11,18,80,1,0,62,1,2021-10-01
Sylhet Range,1,6,14,0,0,79,3,3,5,27,310,2,0,140,16,2021-10-01
BMP,0,0,0,1,0,14,0,0,2,5,48,1,0,81,0,2021-11-01
Barishal Range,6,2,14,14,0,93,2,3,10,15,308,4,1,209,4,2021-11-01
CMP,0,10,8,11,0,74,1,0,18,24,149,23,0,258,2,2021-11-01
Chittagong Range,4,10,48,10,3,214,6,13,37,80,815,58,4,988,14,2021-11-01
DMP,1,12,11,11,0,134,5,6,41,126,584,10,10,1981,19,2021-11-01
Dhaka Range,7,18,63,11,1,251,5,20,25,98,881,41,11,667,2,2021-11-01
GMP,2,3,5,5,0,36,4,0,4,10,53,1,0,86,0,2021-11-01
KMP,2,2,0,0,0,12,2,0,2,4,43,1,0,80,1,2021-11-01
Khulna Range,0,5,29,9,0,123,1,4,6,59,524,12,4,513,11,2021-11-01
Mymensingh Range,0,0,8,10,0,151,3,13,7,40,420,4,1,278,7,2021-11-01
RMP,0,1,2,2,1,13,1,0,2,5,49,1,0,216,15,2021-11-01
RPMP,0,0,1,1,0,17,0,2,0,11,50,1,0,44,0,2021-11-01
Railway Range,0,1,1,0,0,0,0,0,0,6,6,2,0,29,2,2021-11-01
Rajshahi Range,0,7,30,7,0,147,1,14,7,44,569,23,10,908,40,2021-11-01
Rangpur Range,2,6,14,1,0,143,0,14,8,62,592,2,0,269,17,2021-11-01
SMP,0,3,0,5,0,22,0,2,7,8,91,2,0,94,3,2021-11-01
Sylhet Range,4,2,17,2,0,59,0,2,8,35,284,5,0,203,22,2021-11-01
BMP,0,0,1,0,0,9,0,0,4,7,22,0,0,85,0,2021-12-01
Barishal Range,1,0,13,5,0,89,1,1,12,19,363,3,2,191,0,2021-12-01
CMP,1,9,4,9,0,80,2,1,12,31,163,14,0,201,3,2021-12-01
Chittagong Range,4,6,37,5,0,209,2,7,25,74,745,60,2,957,19,2021-12-01
DMP,0,11,14,6,0,146,5,1,61,120,530,16,20,1525,21,2021-12-01
Dhaka Range,8,18,48,13,1,214,8,11,32,114,941,21,6,610,1,2021-12-01
GMP,1,3,5,1,0,21,0,0,2,9,53,0,0,75,0,2021-12-01
KMP,0,1,1,1,0,5,0,0,3,5,38,1,0,85,1,2021-12-01
Khulna Range,2,3,24,15,0,138,1,4,12,74,549,18,2,497,14,2021-12-01
Mymensingh Range,0,6,15,11,0,144,4,2,4,37,448,1,0,215,19,2021-12-01
RMP,0,0,1,0,1,6,1,0,1,4,65,0,0,205,15,2021-12-01
RPMP,0,0,0,0,0,10,0,0,3,17,58,0,0,50,0,2021-12-01
Railway Range,0,1,0,0,0,0,0,0,0,9,14,0,0,16,1,2021-12-01
Rajshahi Range,1,11,36,4,0,124,0,9,6,54,546,26,3,846,53,2021-12-01
Rangpur Range,0,2,15,1,0,158,5,6,8,65,641,1,0,287,5,2021-12-01
SMP,0,2,1,7,0,16,0,0,4,9,79,0,0,75,8,2021-12-01
Sylhet Range,0,3,16,1,0,57,0,5,3,39,255,3,0,117,22,2021-12-01
BMP,1,0,3,1,0,9,1,2,6,9,32,2,1,100,0,2022-01-01
Barishal Range,1,3,13,3,0,79,1,1,13,29,345,3,1,273,1,2022-01-01
CMP,2,3,2,13,0,53,1,4,9,36,188,13,1,221,0,2022-01-01
Chittagong Range,5,14,50,5,0,187,4,7,32,94,802,50,2,1115,24,2022-01-01
DMP,3,10,9,12,0,170,5,5,49,112,510,7,7,1640,9,2022-01-01
Dhaka Range,14,18,76,16,0,209,7,12,40,119,971,24,6,761,4,2022-01-01
GMP,0,3,4,2,0,28,3,0,1,6,58,1,0,87,0,2022-01-01
KMP,0,0,2,0,0,12,0,0,4,4,32,1,1,101,0,2022-01-01
Khulna Range,2,10,29,5,0,131,3,4,18,64,549,16,3,636,22,2022-01-01
Mymensingh Range,0,2,16,16,0,128,1,4,5,49,496,2,0,252,15,2022-01-01
RMP,0,9,3,5,0,14,1,0,0,9,39,0,1,214,14,2022-01-01
RPMP,0,0,0,1,0,23,1,0,3,13,73,1,0,56,0,2022-01-01
Railway Range,0,0,1,0,0,0,2,0,0,12,14,0,0,34,1,2022-01-01
Rajshahi Range,0,10,21,7,0,142,4,10,5,52,592,19,7,1005,66,2022-01-01
Rangpur Range,1,5,20,1,0,162,4,2,18,73,590,6,0,332,10,2022-01-01
SMP,0,2,0,5,0,26,0,1,3,12,72,1,0,84,0,2022-01-01
Sylhet Range,1,2,15,2,0,60,1,1,7,36,312,1,0,137,15,2022-01-01
BMP,0,0,1,0,0,13,0,0,7,15,32,0,0,82,0,2022-02-01
Barishal Range,3,5,4,5,0,95,0,2,11,16,301,0,0,268,0,2022-02-01
CMP,2,7,4,10,0,46,0,1,18,25,177,20,0,167,1,2022-02-01
Chittagong Range,1,9,44,8,0,160,5,14,22,80,804,63,3,1136,12,2022-02-01
DMP,4,16,12,14,0,141,2,6,49,135,511,12,5,1549,19,2022-02-01
Dhaka Range,15,22,56,12,0,250,7,10,38,125,910,15,5,861,0,2022-02-01
GMP,6,2,1,3,0,23,4,0,0,12,57,1,0,84,0,2022-02-01
KMP,0,1,2,0,0,13,0,0,2,5,22,2,0,103,0,2022-02-01
Khulna Range,1,5,23,5,0,120,0,2,13,70,550,12,4,745,14,2022-02-01
Mymensingh Range,1,1,14,4,0,124,4,4,5,42,453,1,0,328,16,2022-02-01
RMP,0,2,2,0,0,13,0,1,4,8,30,0,0,209,8,2022-02-01
RPMP,0,0,0,0,0,8,0,0,0,15,48,0,0,44,0,2022-02-01
Railway Range,0,2,2,0,0,2,0,0,0,4,17,0,0,32,0,2022-02-01
Rajshahi Range,2,6,31,11,0,172,0,3,14,64,518,28,2,1107,77,2022-02-01
Rangpur Range,1,3,22,2,0,176,2,0,16,60,557,2,0,379,9,2022-02-01
SMP,0,2,3,6,0,17,0,1,4,6,86,0,0,52,3,2022-02-01
Sylhet Range,1,2,13,1,0,81,1,1,3,37,267,2,1,163,30,2022-02-01
BMP,0,0,0,1,0,18,1,0,5,10,59,1,0,108,0,2022-03-01
Barishal Range,3,6,7,1,0,126,1,3,13,29,366,4,0,252,0,2022-03-01
CMP,0,3,1,13,0,69,1,1,9,29,172,18,1,156,2,2022-03-01
Chittagong Range,6,14,37,6,0,231,6,7,28,108,904,49,3,1293,29,2022-03-01
DMP,1,16,17,13,0,199,3,12,60,146,680,7,10,1465,17,2022-03-01
Dhaka Range,17,25,57,24,0,312,8,17,51,160,1105,14,9,834,3,2022-03-01
GMP,4,1,10,3,0,53,1,1,2,15,75,2,0,85,1,2022-03-01
KMP,0,0,1,0,0,12,0,0,2,4,34,1,1,89,1,2022-03-01
Khulna Range,1,5,28,6,0,160,1,2,12,67,638,9,4,578,14,2022-03-01
Mymensingh Range,2,6,20,6,0,196,5,1,3,56,553,2,0,309,26,2022-03-01
RMP,0,1,1,0,0,18,1,1,2,8,48,1,0,261,1,2022-03-01
RPMP,0,0,2,3,0,16,0,0,0,18,64,0,0,38,0,2022-03-01
Railway Range,0,2,1,0,0,1,0,1,0,17,25,0,0,35,2,2022-03-01
Rajshahi Range,0,7,28,11,0,227,2,8,7,87,608,31,1,1165,72,2022-03-01
Rangpur Range,0,3,21,1,0,224,4,1,17,74,621,0,0,428,8,2022-03-01
SMP,0,2,1,5,0,31,0,0,4,10,94,1,0,73,5,2022-03-01
Sylhet Range,1,3,15,2,0,83,3,2,8,50,353,0,0,261,13,2022-03-01
BMP,1,1,2,0,0,11,0,4,5,9,38,1,0,92,0,2022-04-01
Barishal Range,1,3,12,0,0,106,3,2,13,25,440,2,0,241,3,2022-04-01
CMP,0,11,4,12,0,75,3,3,21,48,199,18,1,175,1,2022-04-01
Chittagong Range,0,16,55,9,0,18,7,7,26,103,1027,78,1,1212,22,2022-04-01
DMP,3,8,16,13,0,184,5,9,68,151,700,9,6,1217,29,2022-04-01
Dhaka Range,11,26,56,48,0,347,7,10,46,145,1266,15,5,752,2,2022-04-01
GMP,1,7,2,4,0,40,1,1,2,14,86,0,0,70,0,2022-04-01
KMP,0,0,0,0,0,12,0,1,3,3,29,1,0,83,0,2022-04-01
Khulna Range,0,10,31,4,0,154,2,3,11,88,813,11,2,616,12,2022-04-01
Mymensingh Range,1,2,17,8,0,182,1,2,1,62,750,3,0,308,26,2022-04-01
RMP,0,1,5,0,0,15,1,1,2,4,40,1,0,206,0,2022-04-01
RPMP,0,0,0,0,0,24,0,0,1,14,71,0,0,43,0,2022-04-01
Railway Range,0,3,0,0,0,0,0,0,0,13,14,0,0,28,3,2022-04-01
Rajshahi Range,3,11,28,3,0,237,1,3,7,83,765,26,4,1057,69,2022-04-01
Rangpur Range,1,2,21,4,0,195,3,3,15,71,808,1,0,404,11,2022-04-01
SMP,0,0,5,5,0,20,0,2,5,15,87,4,0,55,6,2022-04-01
Sylhet Range,2,6,15,1,0,93,1,4,2,39,445,0,1,155,27,2022-04-01
BMP,0,1,0,1,0,15,0,0,4,7,43,1,0,96,0,2022-05-01
Barishal Range,0,5,11,7,0,116,1,1,9,21,441,2,0,246,0,2022-05-01
CMP,0,9,6,17,0,76,3,2,19,28,173,18,1,144,3,2022-05-01
Chittagong Range,4,9,41,8,0,213,5,10,31,86,1024,61,0,1077,17,2022-05-01
DMP,0,11,11,9,1,186,3,8,68,133,626,4,7,1411,10,2022-05-01
Dhaka Range,13,24,65,28,0,333,9,7,32,102,1167,18,4,855,3,2022-05-01
GMP,3,1,3,0,0,31,3,0,5,15,71,1,0,79,0,2022-05-01
KMP,0,0,1,0,0,21,0,0,2,8,24,1,0,73,1,2022-05-01
Khulna Range,1,2,27,1,0,184,1,2,16,67,722,9,2,574,7,2022-05-01
Mymensingh Range,0,4,26,12,0,190,3,2,4,31,685,2,0,270,24,2022-05-01
RMP,0,2,3,1,0,17,0,0,3,6,54,1,0,247,0,2022-05-01
RPMP,0,0,0,2,0,15,0,0,0,12,57,0,0,42,0,2022-05-01
Railway Range,0,2,1,0,0,3,0,0,0,15,15,0,0,20,1,2022-05-01
Rajshahi Range,1,12,38,4,0,251,1,6,7,58,773,26,1,1121,63,2022-05-01
Rangpur Range,2,2,21,3,0,241,3,2,17,56,751,3,0,380,9,2022-05-01
SMP,0,0,3,2,0,26,0,2,4,14,67,0,0,57,2,2022-05-01
Sylhet Range,0,1,19,1,0,83,0,2,5,30,421,0,1,184,21,2022-05-01
BMP,0,1,1,1,0,17,0,0,2,9,42,0,0,77,0,2022-06-01
Barishal Range,4,3,12,5,0,121,0,6,12,27,355,1,0,221,0,2022-06-01
CMP,0,11,7,12,0,66,2,1,11,29,152,15,0,142,3,2022-06-01
Chittagong Range,5,12,38,9,0,237,7,6,34,103,903,38,1,1172,20,2022-06-01
DMP,3,10,21,7,0,199,4,15,63,131,684,6,5,1342,23,2022-06-01
Dhaka Range,16,20,60,30,0,323,11,10,48,153,1096,20,2,838,0,2022-06-01
GMP,1,4,3,1,0,47,3,1,1,13,72,1,0,68,0,2022-06-01
KMP,1,0,2,1,0,13,0,1,2,2,32,2,1,87,0,2022-06-01
Khulna Range,7,4,23,5,0,184,3,6,14,74,768,9,1,672,14,2022-06-01
Mymensingh Range,0,3,15,12,0,218,0,2,7,44,502,3,0,330,29,2022-06-01
RMP,0,2,3,0,0,13,1,1,3,16,49,0,0,209,2,2022-06-01
RPMP,0,0,0,0,0,7,0,0,0,20,59,0,0,27,0,2022-06-01
Railway Range,0,1,4,0,0,3,0,0,0,9,11,0,0,39,2,2022-06-01
Rajshahi Range,0,6,25,5,0,259,4,4,12,83,685,28,2,1084,70,2022-06-01
Rangpur Range,0,5,24,4,0,219,5,0,11,84,694,2,0,340,6,2022-06-01
SMP,0,0,1,4,0,26,0,2,2,9,71,0,0,68,5,2022-06-01
Sylhet Range,3,3,10,3,0,87,0,1,5,36,312,3,1,151,12,2022-06-01
BMP,0,1,2,1,0,17,0,0,4,3,32,1,0,82,0,2022-07-01
Barishal Range,3,1,18,1,0,109,1,2,10,23,367,3,0,252,0,2022-07-01
CMP,0,6,7,12,0,51,4,0,10,28,171,11,0,137,5,2022-07-01
Chittagong Range,5,15,40,12,0,246,4,9,42,101,954,49,0,1087,29,2022-07-01
DMP,4,13,13,12,0,174,3,3,70,121,621,5,5,1190,5,2022-07-01
Dhaka Range,14,31,74,15,0,296,5,8,47,133,1140,11,5,751,2,2022-07-01
GMP,2,4,8,3,0,40,1,0,1,3,66,3,0,58,0,2022-07-01
KMP,0,0,2,1,0,14,1,0,6,6,20,0,0,71,0,2022-07-01
Khulna Range,3,6,24,5,0,180,0,0,18,84,744,18,1,574,13,2022-07-01
Mymensingh Range,3,3,27,9,0,199,6,2,6,43,603,1,0,261,39,2022-07-01
RMP,0,2,4,0,0,9,1,0,5,3,46,2,0,215,0,2022-07-01
RPMP,0,0,0,3,0,12,0,0,2,12,60,0,0,20,0,2022-07-01
Railway Range,0,1,0,0,0,1,0,0,0,9,19,0,0,28,1,2022-07-01
Rajshahi Range,1,6,34,8,0,262,2,2,7,55,774,12,5,1146,61,2022-07-01
Rangpur Range,1,5,21,1,0,252,5,7,20,63,771,0,1,313,11,2022-07-01
SMP,0,2,1,8,0,25,0,1,5,15,87,0,0,59,6,2022-07-01
Sylhet Range,1,1,31,0,0,75,0,6,5,41,359,0,0,177,10,2022-07-01
BMP,0,2,2,0,0,15,0,0,3,10,36,0,0,77,0,2022-08-01
Barishal Range,2,4,9,0,0,130,1,0,15,29,329,2,0,220,0,2022-08-01
CMP,0,6,7,16,0,70,1,3,13,24,185,6,0,210,5,2022-08-01
Chittagong Range,8,14,47,14,1,255,5,14,34,93,969,40,6,1094,39,2022-08-01
DMP,2,10,17,20,0,181,6,4,73,151,679,3,7,1448,17,2022-08-01
Dhaka Range,13,31,59,17,0,337,15,8,64,143,1061,22,5,856,4,2022-08-01
GMP,1,3,6,0,0,28,1,1,5,10,56,6,1,98,0,2022-08-01
KMP,0,0,2,0,0,17,1,0,3,5,41,1,0,64,0,2022-08-01
Khulna Range,5,6,21,3,0,168,3,1,26,92,705,8,5,644,17,2022-08-01
Mymensingh Range,2,4,20,8,0,238,7,4,11,67,637,2,0,345,40,2022-08-01
RMP,1,4,1,2,0,27,0,0,7,9,45,2,0,248,1,2022-08-01
RPMP,0,0,1,0,0,16,1,1,0,15,55,0,0,33,0,2022-08-01
Railway Range,0,2,0,0,0,1,0,0,0,22,15,0,0,34,2,2022-08-01
Rajshahi Range,2,13,32,8,0,302,1,3,14,99,713,20,2,1288,47,2022-08-01
Rangpur Range,3,5,23,1,0,300,2,2,19,82,806,2,0,399,6,2022-08-01
SMP,0,0,2,8,0,34,0,1,5,12,85,1,0,67,2,2022-08-01
Sylhet Range,1,3,17,1,0,96,1,2,2,47,405,3,0,173,21,2022-08-01
BMP,2,0,1,0,0,15,0,1,5,9,41,0,0,72,0,2022-09-01
Barishal Range,1,2,12,1,0,111,0,1,6,38,309,4,1,228,0,2022-09-01
CMP,1,8,6,9,0,69,1,2,16,26,144,6,0,182,1,2022-09-01
Chittagong Range,11,21,55,15,2,230,10,11,40,107,804,36,3,1105,49,2022-09-01
DMP,4,15,18,14,4,173,2,4,61,175,605,6,7,1241,13,2022-09-01
Dhaka Range,15,31,67,32,0,310,7,5,46,128,980,13,6,902,5,2022-09-01
GMP,3,1,3,4,0,35,1,2,4,12,68,4,1,88,0,2022-09-01
KMP,0,2,1,1,0,20,1,0,6,7,26,1,0,83,0,2022-09-01
Khulna Range,2,3,22,6,1,202,1,4,21,101,701,7,3,650,31,2022-09-01
Mymensingh Range,3,3,23,3,0,222,7,3,4,50,512,2,0,314,53,2022-09-01
RMP,0,3,3,0,0,16,0,0,3,12,54,1,0,214,1,2022-09-01
RPMP,0,0,0,2,0,12,0,0,0,12,51,0,0,34,0,2022-09-01
Railway Range,0,2,2,0,0,0,1,0,0,13,14,3,0,38,2,2022-09-01
Rajshahi Range,2,12,30,4,0,247,4,7,9,84,654,21,4,1083,35,2022-09-01
Rangpur Range,1,4,19,2,0,277,3,1,22,84,739,1,0,389,4,2022-09-01
SMP,0,0,2,6,0,32,0,1,6,9,87,0,0,57,4,2022-09-01
Sylhet Range,2,2,19,3,0,109,2,3,8,59,343,1,0,203,30,2022-09-01
BMP,0,0,2,1,0,18,0,1,6,8,41,0,1,80,0,2022-10-01
Barishal Range,1,1,11,2,0,125,1,1,19,23,496,0,0,198,0,2022-10-01
CMP,0,5,5,4,0,56,6,2,13,32,146,3,1,182,2,2022-10-01
Chittagong Range,16,20,38,9,0,214,9,12,42,88,932,26,2,988,40,2022-10-01
DMP,0,9,13,31,0,158,6,7,51,119,676,5,14,1240,11,2022-10-01
Dhaka Range,9,24,77,33,0,320,12,9,41,126,1014,14,2,919,3,2022-10-01
GMP,0,2,6,1,0,39,6,3,2,19,75,1,1,88,2,2022-10-01
KMP,0,0,1,1,0,19,1,0,7,4,29,2,0,69,0,2022-10-01
Khulna Range,7,5,22,7,0,168,3,1,21,96,676,12,8,580,22,2022-10-01
Mymensingh Range,0,3,30,5,0,193,6,3,5,46,470,2,0,306,34,2022-10-01
RMP,0,5,0,0,0,17,1,1,1,5,51,2,0,218,0,2022-10-01
RPMP,0,0,1,0,0,23,0,0,0,22,48,0,0,27,0,2022-10-01
Railway Range,0,3,2,0,0,1,0,1,0,19,12,5,0,33,2,2022-10-01
Rajshahi Range,3,17,35,7,0,208,2,4,13,75,657,26,3,1128,31,2022-10-01
Rangpur Range,0,5,22,4,0,260,6,2,15,64,671,0,0,348,10,2022-10-01
SMP,0,1,0,8,0,34,1,0,8,6,70,1,0,61,10,2022-10-01
Sylhet Range,2,2,12,4,0,89,1,4,8,32,350,1,2,175,29,2022-10-01
BMP,1,0,0,2,0,11,0,0,3,9,47,0,0,88,0,2022-11-01
Barishal Range,1,3,8,2,0,88,3,1,8,26,307,0,1,203,0,2022-11-01
CMP,1,5,7,2,0,42,3,0,20,36,130,2,0,213,5,2022-11-01
Chittagong Range,6,14,38,13,0,177,8,6,27,66,787,30,5,1077,45,2022-11-01
DMP,2,13,14,10,3,142,3,5,51,134,630,3,19,1331,9,2022-11-01
Dhaka Range,7,30,64,22,0,260,4,14,43,105,986,17,24,944,4,2022-11-01
GMP,1,2,5,2,0,33,5,6,2,11,80,4,0,116,2,2022-11-01
KMP,0,0,0,0,0,19,0,0,3,6,26,0,0,69,0,2022-11-01
Khulna Range,4,7,23,5,0,163,0,3,21,92,658,9,5,626,26,2022-11-01
Mymensingh Range,0,2,24,3,0,159,3,2,9,45,484,3,3,382,22,2022-11-01
RMP,0,0,0,0,0,5,0,2,5,7,48,1,0,211,0,2022-11-01
RPMP,0,0,0,0,0,13,0,0,0,20,49,0,0,27,0,2022-11-01
Railway Range,0,0,0,0,0,0,0,0,0,0,0,0,0,0,0,2022-11-01
Rajshahi Range,5,7,28,7,0,182,1,7,14,73,691,37,43,1081,32,2022-11-01
Rangpur Range,1,6,23,5,0,204,1,3,20,75,727,1,0,342,11,2022-11-01
SMP,0,0,0,6,0,26,0,0,7,11,71,2,0,39,6,2022-11-01
Sylhet Range,0,3,16,5,0,62,2,5,4,51,352,1,0,141,21,2022-11-01
BMP,0,0,0,1,0,7,1,0,4,8,38,1,1,79,0,2022-12-01
Barishal Range,3,1,5,2,0,77,3,1,9,28,318,3,18,216,3,2022-12-01
CMP,0,5,4,3,0,28,1,2,13,36,116,4,1,173,4,2022-12-01
Chittagong Range,3,13,38,8,0,155,6,15,28,82,719,33,8,1001,40,2022-12-01
DMP,1,14,11,10,0,105,7,10,50,95,445,3,34,961,7,2022-12-01
Dhaka Range,10,26,51,17,1,182,3,8,27,135,813,8,29,957,4,2022-12-01
GMP,1,1,6,2,0,27,2,1,1,10,80,1,3,83,1,2022-12-01
KMP,1,0,4,0,0,18,0,1,5,4,39,1,0,76,0,2022-12-01
Khulna Range,0,3,18,2,0,118,1,0,9,75,566,11,23,631,14,2022-12-01
Mymensingh Range,1,0,12,3,0,123,1,3,14,27,0,0,5,275,31,2022-12-01
RMP,0,0,1,0,0,16,2,0,1,4,41,0,0,206,2,2022-12-01
RPMP,0,0,0,2,0,5,0,0,0,10,40,0,0,33,0,2022-12-01
Railway Range,0,0,0,0,0,0,0,0,0,0,0,0,0,0,0,2022-12-01
Rajshahi Range,1,6,20,4,0,135,4,2,9,59,626,32,8,940,21,2022-12-01
Rangpur Range,1,2,17,4,0,136,2,7,14,64,681,0,0,405,10,2022-12-01
SMP,0,0,0,6,0,12,0,3,2,6,58,0,0,42,12,2022-12-01
Sylhet Range,1,2,11,0,0,58,1,3,3,52,313,1,0,160,19,2022-12-01
BMP,1,0,0,0,0,15,0,1,5,13,38,0,0,74,0,2023-01-01
Barishal Range,2,2,13,3,0,78,1,2,8,26,326,2,0,248,1,2023-01-01
CMP,1,10,5,2,0,29,3,6,11,29,117,1,2,233,2,2023-01-01
Chittagong Range,6,16,43,5,0,134,6,8,36,100,693,37,2,1082,50,2023-01-01
DMP,0,19,9,23,1,122,4,4,42,122,540,7,12,1303,10,2023-01-01
Dhaka Range,12,25,48,21,0,221,5,9,30,117,879,17,0,961,8,2023-01-01
GMP,1,2,4,4,0,26,2,3,1,6,76,1,1,78,0,2023-01-01
KMP,1,0,1,0,0,24,1,0,2,6,30,2,0,87,1,2023-01-01
Khulna Range,3,4,15,4,0,121,2,0,10,76,587,6,1,686,18,2023-01-01
Mymensingh Range,0,2,14,7,0,108,1,0,7,44,478,3,7,300,37,2023-01-01
RMP,0,5,2,0,0,16,1,0,2,8,49,1,5,172,0,2023-01-01
RPMP,0,0,0,0,0,12,0,0,0,18,46,1,0,29,0,2023-01-01
Railway Range,0,1,0,0,0,1,0,0,0,15,9,3,0,27,3,2023-01-01
Rajshahi Range,0,11,22,4,0,146,2,0,12,78,582,29,0,1062,30,2023-01-01
Rangpur Range,0,3,23,1,0,157,3,0,21,64,695,0,0,389,11,2023-01-01
SMP,0,2,0,5,0,10,0,0,3,11,55,0,0,47,17,2023-01-01
Sylhet Range,0,5,15,5,0,45,0,3,1,51,334,0,1,190,36,2023-01-01
BMP,1,0,2,0,0,16,1,0,5,2,37,0,0,69,0,2023-02-01
Barishal Range,1,2,8,2,0,65,0,1,9,15,313,2,2,204,1,2023-02-01
CMP,0,4,6,7,0,39,1,3,5,23,127,0,1,235,2,2023-02-01
Chittagong Range,3,12,45,10,0,142,3,9,32,96,796,36,2,920,26,2023-02-01
DMP,2,15,18,9,0,126,2,6,46,108,620,10,10,1139,8,2023-02-01
Dhaka Range,9,21,45,17,0,235,5,13,29,115,917,13,3,935,3,2023-02-01
GMP,2,7,4,4,0,32,1,2,3,13,88,0,1,96,2,2023-02-01
KMP,0,1,0,0,0,17,0,1,2,3,32,1,1,60,0,2023-02-01
Khulna Range,1,10,16,19,0,109,2,4,13,72,575,17,14,676,24,2023-02-01
Mymensingh Range,0,2,16,6,0,98,4,4,4,35,543,2,5,290,33,2023-02-01
RMP,0,2,2,0,0,19,3,0,2,9,54,1,5,134,0,2023-02-01
RPMP,0,0,0,1,0,13,0,0,0,8,53,0,0,32,0,2023-02-01
Railway Range,0,5,2,0,0,1,0,0,0,19,21,3,0,22,2,2023-02-01
Rajshahi Range,1,10,25,3,0,150,0,3,5,73,659,23,5,996,36,2023-02-01
Rangpur Range,0,2,22,3,0,166,2,3,8,72,675,0,0,374,10,2023-02-01
SMP,0,0,3,9,0,11,0,3,2,14,54,0,0,50,6,2023-02-01
Sylhet Range,1,4,8,5,0,56,2,4,3,48,309,1,0,147,37,2023-02-01
BMP,0,3,1,2,0,13,0,0,4,7,47,1,0,74,1,2023-03-01
Barishal Range,1,3,13,4,0,92,0,5,10,34,364,1,0,201,0,2023-03-01
CMP,0,12,4,12,0,57,3,0,13,35,159,4,0,226,3,2023-03-01
Chittagong Range,4,21,54,10,0,170,11,6,24,63,927,38,1,1081,55,2023-03-01
DMP,4,14,12,12,0,146,2,7,34,126,656,8,8,1233,13,2023-03-01
Dhaka Range,12,22,54,18,0,293,2,9,38,118,1113,24,0,1041,3,2023-03-01
GMP,2,1,8,3,0,23,3,3,1,4,75,0,1,85,2,2023-03-01
KMP,0,1,1,0,0,23,0,0,5,11,31,1,1,76,2,2023-03-01
Khulna Range,1,7,22,12,0,168,2,3,16,83,738,7,1,705,17,2023-03-01
Mymensingh Range,1,1,20,4,0,144,4,1,3,42,526,1,3,313,25,2023-03-01
RMP,0,7,1,0,0,16,1,1,2,11,53,2,3,110,0,2023-03-01
RPMP,0,0,0,2,0,14,0,0,0,12,53,0,0,30,0,2023-03-01
Railway Range,0,1,2,0,0,0,1,0,0,17,15,1,0,22,3,2023-03-01
Rajshahi Range,2,9,26,6,0,209,2,3,10,90,684,37,4,1133,51,2023-03-01
Rangpur Range,1,4,27,2,0,212,5,6,11,59,760,2,7,424,7,2023-03-01
SMP,0,3,2,11,0,19,0,1,7,19,66,0,0,42,11,2023-03-01
Sylhet Range,2,2,21,1,0,53,2,2,7,66,418,1,0,180,24,2023-03-01
BMP,0,0,3,0,0,15,0,0,4,5,48,0,0,68,0,2023-04-01
Barishal Range,1,2,10,1,0,72,2,4,6,21,435,1,1,191,0,2023-04-01
CMP,0,10,5,12,0,50,4,0,15,36,175,2,1,208,5,2023-04-01
Chittagong Range,4,18,56,6,0,165,3,8,31,77,1064,49,1,908,36,2023-04-01
DMP,4,13,12,11,0,133,9,5,54,130,527,2,6,969,13,2023-04-01
Dhaka Range,6,35,68,27,0,276,4,7,23,113,1208,22,1,949,5,2023-04-01
GMP,1,5,7,0,0,21,2,1,0,9,70,1,1,76,0,2023-04-01
KMP,0,1,2,0,0,24,0,0,5,5,33,0,0,58,0,2023-04-01
Khulna Range,3,9,22,8,0,122,5,1,12,94,745,5,3,610,20,2023-04-01
Mymensingh Range,0,3,25,10,0,103,2,0,3,44,684,4,3,291,35,2023-04-01
RMP,0,4,1,0,0,25,0,4,3,5,43,1,0,94,1,2023-04-01
RPMP,0,0,2,3,0,7,0,1,0,10,51,0,0,24,0,2023-04-01
Railway Range,0,2,0,0,0,0,0,0,0,11,8,1,0,18,1,2023-04-01
Rajshahi Range,1,10,28,13,0,166,3,1,7,74,786,30,6,889,29,2023-04-01
Rangpur Range,0,0,21,3,0,197,3,2,14,67,880,0,0,403,9,2023-04-01
SMP,0,0,1,14,0,19,0,1,5,16,87,0,0,49,9,2023-04-01
Sylhet Range,0,6,33,1,0,53,2,4,1,59,493,1,0,152,17,2023-04-01
BMP,1,0,1,1,0,21,0,0,5,7,47,0,1,66,0,2023-05-01
Barishal Range,1,2,13,1,0,109,0,3,8,28,446,5,0,242,0,2023-05-01
CMP,1,12,4,8,0,56,2,3,11,41,156,4,0,227,4,2023-05-01
Chittagong Range,6,19,42,7,0,214,12,12,34,89,1104,45,1,1052,37,2023-05-01
DMP,4,11,9,15,3,158,6,6,45,124,682,4,11,1155,9,2023-05-01
Dhaka Range,13,17,67,16,0,366,10,11,34,99,1164,26,2,1122,1,2023-05-01
GMP,0,2,9,0,0,17,0,0,3,4,50,0,0,61,0,2023-05-01
KMP,1,0,0,2,0,32,0,0,8,9,35,0,0,61,0,2023-05-01
Khulna Range,1,7,25,9,0,170,4,1,16,83,756,7,2,683,17,2023-05-01
Mymensingh Range,0,2,14,10,0,153,8,0,6,57,615,3,8,340,23,2023-05-01
RMP,0,6,0,0,0,15,1,5,4,8,63,2,10,118,0,2023-05-01
RPMP,0,0,3,1,0,9,0,0,0,11,46,0,0,32,0,2023-05-01
Railway Range,0,1,0,2,0,1,0,0,0,15,6,0,0,22,1,2023-05-01
Rajshahi Range,3,12,23,10,0,227,2,5,6,83,738,50,5,999,34,2023-05-01
Rangpur Range,3,1,21,2,0,207,3,5,9,73,867,2,0,420,10,2023-05-01
SMP,0,1,0,12,0,28,1,3,3,19,78,1,0,49,12,2023-05-01
Sylhet Range,1,2,15,3,0,84,0,1,4,57,434,2,0,178,38,2023-05-01
BMP,0,0,2,1,0,11,0,0,5,5,47,0,0,53,0,2023-06-01
Barishal Range,1,3,3,4,0,138,0,2,11,33,360,2,1,204,0,2023-06-01
CMP,0,9,5,8,0,40,1,0,15,36,147,2,0,202,6,2023-06-01
Chittagong Range,2,16,60,7,0,184,9,9,32,94,1027,36,3,975,32,2023-06-01
DMP,4,25,24,16,0,136,7,8,36,134,627,3,3,1066,6,2023-06-01
Dhaka Range,11,24,54,22,0,334,10,5,35,136,10,10,0,970,6,2023-06-01
GMP,1,3,10,0,0,22,3,1,2,7,94,0,0,81,1,2023-06-01
KMP,0,2,2,1,0,26,0,0,6,7,34,0,0,45,0,2023-06-01
Khulna Range,5,5,26,8,0,197,2,4,13,80,735,12,2,689,14,2023-06-01
Mymensingh Range,0,0,11,8,0,174,0,2,8,48,497,9,4,303,42,2023-06-01
RMP,0,1,1,0,0,16,2,0,3,3,44,1,0,51,1,2023-06-01
RPMP,0,0,0,0,0,13,0,0,0,8,44,0,0,32,1,2023-06-01
Railway Range,0,1,1,0,0,0,0,0,0,16,13,1,0,12,0,2023-06-01
Rajshahi Range,1,9,26,8,0,208,4,2,4,74,777,28,5,935,37,2023-06-01
Rangpur Range,2,6,25,3,0,251,1,2,16,77,793,0,0,329,9,2023-06-01
SMP,0,0,5,13,0,13,0,3,4,10,67,0,0,32,3,2023-06-01
Sylhet Range,0,0,17,5,0,67,1,4,3,63,363,0,0,116,29,2023-06-01
BMP,0,1,3,2,0,22,0,0,3,5,60,0,0,86,0,2023-07-01
Barishal Range,2,1,5,1,0,123,2,4,14,29,399,2,3,237,1,2023-07-01
CMP,1,12,2,6,0,53,6,2,13,20,111,1,0,196,2,2023-07-01
Chittagong Range,7,15,63,6,0,202,7,9,48,96,1044,34,15,1079,27,2023-07-01
DMP,6,12,19,33,2,134,2,12,48,103,728,5,10,1143,9,2023-07-01
Dhaka Range,15,15,58,20,0,318,3,10,41,126,1117,14,3,1063,1,2023-07-01
GMP,2,6,14,0,0,26,6,0,4,12,66,2,0,86,0,2023-07-01
KMP,1,0,5,0,0,29,0,0,7,16,47,0,0,71,0,2023-07-01
Khulna Range,2,4,27,3,1,148,1,0,20,89,693,10,3,714,13,2023-07-01
Mymensingh Range,0,4,19,2,0,172,4,2,5,44,523,2,2,296,40,2023-07-01
RMP,0,3,3,0,0,11,0,0,3,14,41,0,2,102,0,2023-07-01
RPMP,0,0,0,0,0,13,2,1,0,8,41,3,0,63,0,2023-07-01
Railway Range,0,3,2,0,0,1,0,0,0,14,14,1,0,13,1,2023-07-01
Rajshahi Range,1,10,25,6,0,228,2,3,12,90,833,50,5,1134,41,2023-07-01
Rangpur Range,2,3,28,1,0,242,2,2,14,82,918,1,0,375,6,2023-07-01
SMP,0,1,0,10,0,16,1,0,5,13,74,1,0,53,13,2023-07-01
Sylhet Range,0,4,23,4,0,56,1,2,2,41,357,1,0,152,38,2023-07-01
BMP,1,0,2,0,0,17,0,0,6,5,44,0,1,78,0,2023-08-01
Barishal Range,1,4,11,3,0,142,0,1,16,28,355,2,0,228,0,2023-08-01
CMP,0,10,2,9,0,49,3,3,21,48,117,5,1,229,6,2023-08-01
Chittagong Range,3,22,50,1,0,173,9,15,39,102,942,39,0,1059,25,2023-08-01
DMP,1,13,10,18,0,157,8,9,53,153,704,3,0,1184,14,2023-08-01
Dhaka Range,8,20,55,19,0,298,4,5,42,117,1082,10,5,1124,3,2023-08-01
GMP,2,7,7,0,0,40,2,1,4,19,94,2,0,113,1,2023-08-01
KMP,0,0,2,2,0,26,0,1,7,9,39,5,0,113,0,2023-08-01
Khulna Range,2,6,24,4,0,164,2,2,25,77,631,12,2,708,20,2023-08-01
Mymensingh Range,0,0,13,7,0,204,1,0,6,64,528,0,26,251,37,2023-08-01
RMP,0,1,1,0,0,19,4,0,5,14,52,1,6,127,1,2023-08-01
RPMP,0,0,0,0,0,11,0,1,0,9,55,1,0,66,0,2023-08-01
Railway Range,1,2,3,0,0,1,0,0,0,14,7,2,0,16,0,2023-08-01
Rajshahi Range,1,16,38,10,0,218,4,1,19,89,729,48,5,1092,49,2023-08-01
Rangpur Range,0,1,20,4,0,234,0,0,16,76,826,1,0,536,7,2023-08-01
SMP,0,1,1,10,0,19,0,3,6,13,67,0,1,35,20,2023-08-01
Sylhet Range,2,1,14,3,0,79,3,1,4,52,320,2,1,131,91,2023-08-01
BMP,0,1,0,3,0,15,0,1,7,7,41,0,1,94,0,2023-09-01
Barishal Range,1,3,12,5,0,130,1,1,15,23,338,4,2,196,2,2023-09-01
CMP,0,12,6,11,0,33,4,1,15,37,143,2,0,199,4,2023-09-01
Chittagong Range,3,15,52,6,0,185,9,7,30,107,845,49,2,1007,40,2023-09-01
DMP,0,20,12,9,2,141,3,5,53,124,624,5,5,1141,16,2023-09-01
Dhaka Range,12,19,54,26,0,275,8,8,39,112,975,7,8,1016,8,2023-09-01
GMP,0,3,11,0,0,27,5,3,3,9,72,1,0,103,1,2023-09-01
KMP,0,0,1,0,0,39,1,0,1,8,34,4,0,92,0,2023-09-01
Khulna Range,1,4,15,6,0,154,3,5,13,86,561,11,4,806,16,2023-09-01
Mymensingh Range,0,3,15,2,0,189,4,1,8,38,497,1,19,260,46,2023-09-01
RMP,0,3,2,0,0,12,1,0,6,14,45,2,2,77,0,2023-09-01
RPMP,0,0,1,0,0,10,0,0,0,9,37,0,0,42,1,2023-09-01
Railway Range,0,2,2,0,0,2,0,1,0,23,4,0,0,20,0,2023-09-01
Rajshahi Range,1,12,23,14,0,214,6,2,12,93,683,42,3,1035,53,2023-09-01
Rangpur Range,0,3,16,2,0,194,4,5,19,81,723,3,0,453,9,2023-09-01
SMP,2,1,2,12,0,17,1,4,3,17,58,0,0,41,15,2023-09-01
Sylhet Range,1,5,14,3,0,62,0,4,6,42,290,1,0,139,96,2023-09-01
BMP,0,0,0,1,0,16,0,0,2,6,59,1,0,71,0,2023-10-01
Barishal Range,5,2,10,4,0,131,1,2,11,22,493,2,7,187,0,2023-10-01
CMP,0,2,1,3,0,41,2,2,14,29,124,3,1,207,1,2023-10-01
Chittagong Range,1,23,50,1,2,160,10,27,44,114,993,47,18,882,29,2023-10-01
DMP,3,20,19,8,7,128,6,11,38,136,682,6,17,844,13,2023-10-01
Dhaka Range,7,28,54,19,0,221,5,12,47,113,1012,9,34,812,0,2023-10-01
GMP,1,2,9,2,0,26,5,2,3,13,85,0,0,118,2,2023-10-01
KMP,0,1,2,2,0,30,0,0,5,8,48,5,0,137,0,2023-10-01
Khulna Range,2,3,22,3,0,150,5,0,9,82,615,9,13,668,15,2023-10-01
Mymensingh Range,0,1,19,3,0,197,3,0,13,49,408,0,12,211,45,2023-10-01
RMP,0,3,4,0,0,14,4,2,3,15,53,4,6,123,1,2023-10-01
RPMP,0,0,2,0,0,13,0,0,0,14,48,2,0,52,0,2023-10-01
Railway Range,0,3,1,0,2,1,0,0,0,24,6,1,0,16,0,2023-10-01
Rajshahi Range,2,13,34,3,0,202,3,3,11,90,657,38,44,989,34,2023-10-01
Rangpur Range,0,3,20,4,0,214,3,5,13,73,636,2,3,434,5,2023-10-01
SMP,0,0,1,7,1,22,0,3,6,20,64,0,0,30,8,2023-10-01
Sylhet Range,1,2,10,5,0,55,1,8,5,60,317,0,1,98,71,2023-10-01
BMP,0,1,1,1,1,19,0,0,1,2,43,0,1,58,0,2023-11-01
Barishal Range,2,1,9,5,0,119,0,1,14,11,338,6,20,163,0,2023-11-01
CMP,0,2,6,3,0,42,3,3,8,29,122,2,1,177,0,2023-11-01
Chittagong Range,3,14,54,7,0,125,8,17,34,84,821,50,41,707,25,2023-11-01
DMP,2,14,17,19,5,118,2,5,56,121,555,2,26,661,11,2023-11-01
Dhaka Range,14,19,51,26,0,258,10,15,34,93,922,8,23,666,6,2023-11-01
GMP,0,2,4,0,0,22,2,5,4,10,75,0,10,58,0,2023-11-01
KMP,0,1,1,0,0,10,1,1,3,17,37,0,0,93,0,2023-11-01
Khulna Range,0,6,16,6,0,113,1,1,14,51,540,10,21,529,18,2023-11-01
Mymensingh Range,0,2,10,3,0,144,3,1,10,37,408,3,8,164,28,2023-11-01
RMP,0,2,1,0,1,13,0,8,7,11,55,4,16,94,1,2023-11-01
RPMP,0,0,0,1,0,9,2,0,0,10,47,0,0,33,0,2023-11-01
Railway Range,0,2,1,0,0,0,0,0,0,17,25,2,0,14,0,2023-11-01
Rajshahi Range,2,5,26,10,0,178,1,7,4,57,597,21,51,793,28,2023-11-01
Rangpur Range,0,3,22,1,0,189,0,6,11,55,675,1,3,376,10,2023-11-01
SMP,0,2,2,4,0,16,0,6,3,15,71,0,8,28,5,2023-11-01
Sylhet Range,2,3,6,3,0,51,0,3,2,44,290,1,6,90,45,2023-11-01
BMP,0,0,1,1,0,17,0,0,3,8,32,0,0,42,0,2023-12-01
Barishal Range,1,3,9,8,0,102,2,1,9,25,345,3,0,186,0,2023-12-01
CMP,0,10,7,5,0,24,0,2,10,44,109,4,1,248,1,2023-12-01
Chittagong Range,6,21,53,5,0,166,4,5,38,93,778,61,8,873,26,2023-12-01
DMP,4,23,4,16,0,103,10,5,42,130,584,3,19,951,13,2023-12-01
Dhaka Range,11,18,62,17,0,196,4,11,37,91,905,7,5,801,4,2023-12-01
GMP,2,4,7,3,0,37,0,1,8,9,71,0,0,103,0,2023-12-01
KMP,0,0,0,2,0,16,0,0,4,11,28,4,0,137,0,2023-12-01
Khulna Range,0,2,11,5,0,82,1,2,12,53,534,7,1,597,9,2023-12-01
Mymensingh Range,0,3,20,4,0,112,1,0,5,45,369,1,1,163,27,2023-12-01
RMP,0,2,2,1,0,14,0,2,2,8,42,2,2,193,1,2023-12-01
RPMP,0,0,0,0,0,8,0,1,0,4,36,0,2,70,0,2023-12-01
Railway Range,0,5,0,0,0,0,0,0,0,12,14,1,1,25,1,2023-12-01
Rajshahi Range,2,4,24,6,0,143,2,3,8,61,651,22,19,997,22,2023-12-01
Rangpur Range,2,6,22,3,0,114,2,1,14,47,783,0,1,415,6,2023-12-01
SMP,0,0,1,1,0,17,0,1,4,15,54,0,0,39,7,2023-12-01
Sylhet Range,2,4,10,0,0,42,3,2,4,46,279,1,0,104,26,2023-12-01
BMP,0,2,1,6,0,12,1,1,2,5,42,1,0,48,0,2024-01-01
Barishal Range,1,0,15,7,0,95,2,0,23,25,369,3,0,179,1,2024-01-01
CMP,0,5,5,6,1,30,4,0,15,31,128,4,0,191,2,2024-01-01
Chittagong Range,5,16,34,9,0,128,9,10,27,115,800,52,8,795,26,2024-01-01
DMP,1,25,11,18,0,110,8,5,63,141,458,5,6,865,9,2024-01-01
Dhaka Range,13,29,59,7,0,194,6,10,38,93,893,10,3,824,1,2024-01-01
GMP,4,1,11,4,0,22,5,2,5,5,90,0,1,87,0,2024-01-01
KMP,0,1,2,2,0,3,0,0,3,8,28,3,0,125,1,2024-01-01
Khulna Range,0,5,23,4,0,71,1,2,15,59,559,9,7,561,8,2024-01-01
Mymensingh Range,0,4,14,9,0,84,4,6,7,42,404,1,0,234,27,2024-01-01
RMP,0,4,1,2,0,8,0,1,2,6,53,1,1,163,0,2024-01-01
RPMP,0,0,1,1,0,4,5,0,0,6,28,0,0,71,1,2024-01-01
Railway Range,0,1,1,0,0,1,0,0,0,12,11,0,0,15,0,2024-01-01
Rajshahi Range,1,11,26,8,0,130,1,3,4,77,719,29,17,867,20,2024-01-01
Rangpur Range,2,2,11,1,0,117,4,1,13,60,655,0,0,436,5,2024-01-01
SMP,1,1,1,3,0,12,0,1,5,9,52,2,0,42,9,2024-01-01
Sylhet Range,1,7,15,5,0,22,1,1,6,55,284,1,0,89,23,2024-01-01
BMP,0,0,0,3,0,10,1,1,6,10,48,0,0,46,2,2024-02-01
Barishal Range,1,4,12,6,0,133,1,1,13,35,372,0,1,187,0,2024-02-01
CMP,2,11,4,13,0,35,3,2,15,31,167,5,0,228,3,2024-02-01
Chittagong Range,5,15,52,9,0,156,5,7,26,121,924,47,1,791,21,2024-02-01
DMP,2,26,4,21,0,114,9,4,51,134,576,5,1,800,22,2024-02-01
Dhaka Range,9,27,54,23,0,252,10,9,32,115,981,12,1,1002,5,2024-02-01
GMP,1,6,10,0,0,32,1,1,9,8,83,2,1,105,1,2024-02-01
KMP,1,0,0,0,0,11,0,1,7,14,36,3,0,148,0,2024-02-01
Khulna Range,1,8,19,10,2,104,3,4,17,61,595,15,1,686,10,2024-02-01
Mymensingh Range,0,4,14,1,0,124,1,1,5,39,444,0,0,294,21,2024-02-01
RMP,1,2,0,3,0,15,1,0,6,17,52,0,0,138,0,2024-02-01
RPMP,0,1,1,0,0,8,1,0,0,12,33,1,0,61,0,2024-02-01
Railway Range,0,1,5,0,0,0,0,0,0,12,25,1,0,18,1,2024-02-01
Rajshahi Range,1,9,23,7,0,164,5,1,9,77,729,37,4,986,16,2024-02-01
Rangpur Range,3,3,17,3,0,134,2,1,17,71,692,0,0,434,5,2024-02-01
SMP,1,0,0,6,0,22,0,1,2,9,62,0,0,30,8,2024-02-01
Sylhet Range,5,4,25,3,0,57,0,3,5,54,313,1,0,122,33,2024-02-01
BMP,0,0,0,4,0,11,0,1,5,6,72,0,0,53,1,2024-03-01
Barishal Range,2,2,15,11,0,150,0,2,10,26,507,1,2,215,0,2024-03-01
CMP,0,11,6,8,0,33,4,2,13,34,172,5,0,164,9,2024-03-01
Chittagong Range,6,30,33,8,4,151,11,5,29,122,1208,50,2,775,29,2024-03-01
DMP,1,28,18,28,0,127,7,2,53,163,798,8,1,835,22,2024-03-01
Dhaka Range,11,32,60,23,2,247,3,8,39,108,1179,12,10,1007,1,2024-03-01
GMP,2,5,1,1,0,23,4,0,7,18,110,0,0,104,2,2024-03-01
KMP,0,2,0,0,0,11,1,1,5,14,39,0,0,138,0,2024-03-01
Khulna Range,0,7,17,9,0,139,1,0,17,73,672,10,5,666,13,2024-03-01
Mymensingh Range,0,2,23,2,0,115,3,2,3,55,525,1,0,275,27,2024-03-01
RMP,0,0,0,0,0,11,2,2,4,13,59,0,0,145,0,2024-03-01
RPMP,0,0,0,0,0,7,3,0,0,8,50,1,0,57,0,2024-03-01
Railway Range,0,1,1,0,0,1,0,0,0,13,14,0,0,24,0,2024-03-01
Rajshahi Range,1,6,25,4,0,205,5,6,5,87,874,38,4,1161,28,2024-03-01
Rangpur Range,0,7,20,4,0,203,5,4,9,63,703,1,0,535,4,2024-03-01
SMP,0,1,3,6,0,17,1,1,8,8,67,0,0,35,10,2024-03-01
Sylhet Range,2,4,17,2,0,58,1,7,10,54,395,1,0,100,46,2024-03-01
BMP,0,2,2,2,0,23,0,2,7,10,76,0,0,45,0,2024-04-01
Barishal Range,0,3,11,5,0,130,1,2,9,28,565,1,0,176,2,2024-04-01
CMP,0,12,9,4,0,37,4,3,12,37,149,1,0,132,10,2024-04-01
Chittagong Range,10,24,54,4,3,194,13,13,34,128,1256,49,0,623,13,2024-04-01
DMP,3,15,14,24,0,149,4,4,69,140,628,4,2,623,6,2024-04-01
Dhaka Range,13,18,75,24,0,281,9,18,25,103,1263,6,4,826,2,2024-04-01
GMP,0,5,5,4,0,30,4,2,12,12,82,1,0,92,0,2024-04-01
KMP,0,0,1,1,0,6,1,2,6,10,44,1,2,119,2,2024-04-01
Khulna Range,2,2,18,14,0,129,3,4,9,58,744,11,3,618,14,2024-04-01
Mymensingh Range,0,2,30,8,0,108,2,4,3,42,579,1,0,285,39,2024-04-01
RMP,0,2,0,0,0,21,0,2,0,14,58,0,0,141,2,2024-04-01
RPMP,0,0,2,3,0,9,5,1,0,9,49,0,0,38,0,2024-04-01
Railway Range,0,1,0,0,0,1,0,0,0,6,32,0,0,13,0,2024-04-01
Rajshahi Range,0,7,20,11,0,218,4,9,7,78,955,40,6,982,41,2024-04-01
Rangpur Range,1,2,30,3,0,211,4,6,12,73,894,1,0,432,8,2024-04-01
SMP,0,0,2,5,0,17,0,3,6,11,70,0,0,35,13,2024-04-01
Sylhet Range,0,2,23,8,0,59,1,4,9,53,461,1,0,84,30,2024-04-01
BMP,0,0,2,0,0,17,1,0,5,4,76,0,0,50,0,2024-05-01
Barishal Range,0,1,8,11,0,152,0,2,7,17,434,2,2,151,0,2024-05-01
CMP,1,7,7,2,0,57,4,1,18,29,142,1,1,179,5,2024-05-01
Chittagong Range,4,14,53,13,0,181,4,6,28,88,1039,45,0,665,31,2024-05-01
DMP,2,19,16,23,0,172,7,10,65,194,654,2,5,738,19,2024-05-01
Dhaka Range,11,29,51,19,0,323,7,7,39,88,1183,12,5,887,7,2024-05-01
GMP,4,5,8,0,0,31,2,1,3,17,101,1,0,124,0,2024-05-01
KMP,0,1,4,0,0,25,0,0,1,10,46,2,0,126,2,2024-05-01
Khulna Range,2,6,32,7,0,134,2,2,14,48,729,4,4,555,6,2024-05-01
Mymensingh Range,0,4,19,5,0,122,2,3,6,39,415,3,0,252,32,2024-05-01
RMP,0,6,1,1,0,17,3,1,5,12,61,0,0,141,0,2024-05-01
RPMP,0,0,1,1,0,9,4,0,0,3,43,0,0,67,1,2024-05-01
Railway Range,0,5,0,1,0,1,0,0,0,13,23,2,0,11,2,2024-05-01
Rajshahi Range,3,13,21,5,0,227,8,6,2,67,861,34,0,892,30,2024-05-01
Rangpur Range,1,2,19,3,0,222,4,1,10,56,715,0,0,449,9,2024-05-01
SMP,1,0,2,4,0,20,2,0,7,8,64,0,0,46,11,2024-05-01
Sylhet Range,2,3,15,3,0,57,0,3,9,33,359,4,1,114,26,2024-05-01
BMP,0,0,1,0,0,12,0,0,7,11,68,1,0,45,0,2024-06-01
Barishal Range,5,1,10,8,0,172,0,3,8,23,541,0,0,165,0,2024-06-01
CMP,0,8,8,9,1,31,1,0,8,29,118,1,0,152,1,2024-06-01
Chittagong Range,8,22,57,9,0,193,5,9,45,82,1095,34,1,661,20,2024-06-01
DMP,3,16,13,26,0,147,3,1,80,191,552,4,1,568,7,2024-06-01
Dhaka Range,16,17,59,15,0,278,4,9,39,91,1152,13,2,804,3,2024-06-01
GMP,2,8,6,1,0,35,2,0,4,8,63,0,0,81,1,2024-06-01
KMP,0,0,4,2,0,14,0,1,4,12,33,1,0,110,0,2024-06-01
Khulna Range,1,6,15,4,1,177,1,3,17,49,806,12,0,548,9,2024-06-01
Mymensingh Range,0,5,21,4,0,119,2,2,5,31,451,3,0,254,51,2024-06-01
RMP,0,4,0,0,0,23,0,3,6,12,65,1,0,143,3,2024-06-01
RPMP,0,1,2,0,0,8,2,1,0,9,51,1,0,43,0,2024-06-01
Railway Range,0,0,3,1,0,1,0,0,0,16,16,0,0,12,0,2024-06-01
Rajshahi Range,0,8,36,3,0,221,4,3,10,79,816,27,3,835,24,2024-06-01
Rangpur Range,0,5,20,2,0,184,4,1,8,57,839,0,0,465,5,2024-06-01
SMP,0,1,3,10,0,20,1,0,5,6,41,0,0,33,17,2024-06-01
Sylhet Range,1,1,10,1,0,54,2,0,5,39,341,0,0,98,37,2024-06-01
BMP,0,0,2,1,0,19,0,5,5,8,49,0,2,55,0,2024-07-01
Barishal Range,1,1,14,16,0,192,2,1,17,30,381,0,0,196,0,2024-07-01
CMP,1,9,10,2,5,35,2,2,11,27,114,1,2,109,0,2024-07-01
Chittagong Range,3,21,53,11,0,180,5,24,45,85,930,40,14,646,27,2024-07-01
DMP,3,15,59,16,46,109,1,44,32,134,510,7,26,415,8,2024-07-01
Dhaka Range,13,20,61,12,0,286,6,38,40,81,984,12,8,765,3,2024-07-01
GMP,0,4,7,0,0,33,2,9,3,13,107,1,5,71,1,2024-07-01
KMP,0,2,4,1,0,14,0,1,5,12,35,1,1,119,0,2024-07-01
Khulna Range,1,7,27,15,0,178,1,6,16,84,679,13,4,609,13,2024-07-01
Mymensingh Range,0,1,21,5,0,139,1,7,8,51,406,0,6,219,26,2024-07-01
RMP,1,1,3,1,1,19,2,2,3,18,41,2,5,98,1,2024-07-01
RPMP,0,0,2,0,0,5,2,0,0,8,60,0,0,32,0,2024-07-01
Railway Range,0,1,0,0,0,2,0,0,0,12,50,1,0,14,0,2024-07-01
Rajshahi Range,2,14,24,9,0,207,3,8,6,83,692,26,28,937,44,2024-07-01
Rangpur Range,0,2,30,3,0,206,4,7,13,72,741,1,0,417,11,2024-07-01
SMP,1,0,3,6,0,16,0,8,6,7,49,0,1,36,20,2024-07-01
Sylhet Range,1,3,14,4,0,62,1,8,9,60,337,0,1,114,63,2024-07-01
BMP,0,0,5,1,0,10,0,0,6,3,43,0,0,15,0,2024-08-01
Barishal Range,3,3,19,39,0,129,0,1,14,25,405,0,4,22,0,2024-08-01
CMP,0,3,20,3,5,20,2,8,9,18,124,0,1,33,0,2024-08-01
Chittagong Range,4,17,73,5,6,81,3,5,25,47,710,25,13,197,12,2024-08-01
DMP,4,4,119,10,4,51,11,2,15,43,217,2,0,79,5,2024-08-01
Dhaka Range,15,7,148,10,0,185,1,4,32,51,819,3,4,114,0,2024-08-01
GMP,3,1,17,0,0,23,0,3,3,4,48,0,0,14,0,2024-08-01
KMP,1,1,1,0,0,12,1,1,0,3,38,0,0,10,0,2024-08-01
Khulna Range,4,5,62,4,0,90,0,6,5,39,567,4,7,86,3,2024-08-01
Mymensingh Range,0,2,26,3,0,87,1,0,3,30,359,1,0,40,11,2024-08-01
RMP,0,3,2,0,0,17,1,3,2,2,47,1,18,15,0,2024-08-01
RPMP,0,0,8,0,0,5,3,0,0,6,32,1,0,6,0,2024-08-01
Railway Range,0,0,0,0,0,0,0,0,0,14,8,0,0,3,0,2024-08-01
Rajshahi Range,0,5,72,10,0,140,1,2,6,44,662,5,33,174,15,2024-08-01
Rangpur Range,2,4,21,1,0,190,1,0,9,32,695,1,1,125,6,2024-08-01
SMP,0,1,4,8,0,4,1,4,1,4,59,1,0,11,12,2024-08-01
Sylhet Range,1,6,29,5,0,28,1,2,2,16,327,0,0,22,26,2024-08-01
BMP,0,1,1,0,1,16,1,0,10,8,46,0,0,15,0,2024-09-01
Barishal Range,8,2,12,20,1,145,3,0,14,28,456,9,8,46,0,2024-09-01
CMP,2,6,9,6,0,36,3,4,11,27,214,1,0,59,2,2024-09-01
Chittagong Range,5,21,45,12,4,168,8,4,32,88,1060,67,8,418,20,2024-09-01
DMP,5,14,28,8,12,110,22,3,33,75,500,11,0,176,11,2024-09-01
Dhaka Range,17,22,73,21,0,253,6,6,45,82,1095,8,24,207,0,2024-09-01
GMP,3,3,11,1,0,28,0,2,8,9,70,0,0,16,0,2024-09-01
KMP,0,0,1,0,0,26,2,0,5,9,58,1,0,19,0,2024-09-01
Khulna Range,2,6,19,15,1,117,8,0,17,65,740,13,17,183,15,2024-09-01
Mymensingh Range,2,4,16,8,0,126,1,0,8,33,443,5,1,67,29,2024-09-01
RMP,0,1,5,1,0,18,1,1,3,7,67,0,11,12,0,2024-09-01
RPMP,0,0,0,0,0,7,4,0,0,4,52,1,0,7,0,2024-09-01
Railway Range,2,3,1,0,0,0,0,0,0,15,7,2,0,15,0,2024-09-01
Rajshahi Range,2,12,29,7,0,219,1,2,12,59,747,23,44,287,14,2024-09-01
Rangpur Range,3,3,20,10,0,235,1,0,19,47,825,5,0,213,1,2024-09-01
SMP,0,2,1,7,0,10,1,1,7,5,78,2,14,11,13,2024-09-01
Sylhet Range,6,4,12,12,0,64,3,1,9,44,435,2,1,76,46,2024-09-01
BMP,1,1,0,0,1,19,0,0,5,1,56,0,1,26,0,2024-10-01
Barishal Range,4,2,5,14,0,165,4,2,15,25,444,8,10,111,0,2024-10-01
CMP,1,10,6,8,0,35,5,5,10,24,176,1,0,75,0,2024-10-01
Chittagong Range,14,30,52,7,2,192,7,3,52,101,1060,43,26,606,30,2024-10-01
DMP,6,20,20,23,2,125,26,6,47,97,490,15,0,358,13,2024-10-01
Dhaka Range,21,27,62,6,0,225,17,8,49,93,1058,11,4,444,1,2024-10-01
GMP,3,3,7,2,0,21,4,0,3,8,70,1,2,53,0,2024-10-01
KMP,1,5,1,0,0,24,4,0,2,14,46,3,0,63,1,2024-10-01
Khulna Range,1,14,23,7,0,157,8,3,22,76,663,21,4,312,5,2024-10-01
Mymensingh Range,2,5,17,8,0,112,6,1,5,53,385,1,0,123,60,2024-10-01
RMP,0,4,3,0,0,7,0,0,5,5,56,0,5,65,0,2024-10-01
RPMP,0,1,1,0,0,7,3,0,0,8,48,0,0,21,0,2024-10-01
Railway Range,0,5,1,0,0,0,0,0,0,17,11,0,0,22,0,2024-10-01
Rajshahi Range,5,19,17,2,0,212,3,1,7,68,634,13,21,457,27,2024-10-01
Rangpur Range,3,7,14,3,0,177,6,0,17,75,725,2,0,367,6,2024-10-01
SMP,1,0,2,5,0,8,1,0,4,8,56,0,11,24,20,2024-10-01
Sylhet Range,5,4,18,8,0,74,2,5,5,49,340,1,2,145,74,2024-10-01
BMP,0,0,0,0,0,14,2,0,4,7,53,1,1,36,0,2024-11-01
Barishal Range,4,6,8,14,1,152,2,2,29,31,424,11,2,135,0,2024-11-01
CMP,2,10,2,7,0,25,5,12,16,36,138,8,1,112,2,2024-11-01
Chittagong Range,9,27,32,15,0,174,5,9,37,90,1074,40,10,718,31,2024-11-01
DMP,2,27,13,15,10,115,17,6,39,125,516,6,0,421,12,2024-11-01
Dhaka Range,16,23,56,8,0,217,9,4,44,86,1098,20,6,641,4,2024-11-01
GMP,0,3,3,0,0,21,6,1,2,15,66,3,0,85,1,2024-11-01
KMP,1,2,4,1,0,23,0,1,5,13,36,5,0,61,1,2024-11-01
Khulna Range,3,10,22,8,0,134,3,5,17,77,634,31,2,416,16,2024-11-01
Mymensingh Range,1,3,11,6,0,115,5,1,6,37,387,7,2,163,39,2024-11-01
RMP,0,2,0,1,0,22,2,0,4,8,52,0,3,64,0,2024-11-01
RPMP,0,1,0,0,0,7,2,0,0,8,43,0,0,17,1,2024-11-01
Railway Range,0,4,0,0,0,0,0,0,0,6,12,0,0,39,4,2024-11-01
Rajshahi Range,5,4,27,1,0,179,2,1,7,68,721,21,18,521,12,2024-11-01
Rangpur Range,1,4,16,3,0,175,5,1,8,54,694,3,2,405,5,2024-11-01
SMP,1,1,1,8,0,4,2,2,6,13,62,0,9,21,20,2024-11-01
Sylhet Range,2,6,16,4,0,75,0,4,7,42,422,3,0,123,46,2024-11-01
BMP,1,1,1,0,0,11,2,0,3,8,58,0,0,33,0,2024-12-01
Barishal Range,3,5,4,13,0,96,2,1,21,36,431,5,1,124,0,2024-12-01
CMP,2,6,4,8,0,25,3,1,11,26,124,3,0,121,4,2024-12-01
Chittagong Range,16,26,32,10,0,159,13,9,39,102,1030,25,2,685,22,2024-12-01
DMP,9,39,24,19,9,131,17,8,60,131,584,9,9,529,7,2024-12-01
Dhaka Range,23,22,45,9,0,187,8,9,42,93,967,17,6,636,4,2024-12-01
GMP,1,2,3,0,0,20,1,1,2,8,81,1,0,74,1,2024-12-01
KMP,0,3,2,0,0,10,2,1,4,8,38,4,0,70,1,2024-12-01
Khulna Range,4,14,19,4,0,125,2,5,13,78,599,16,2,430,14,2024-12-01
Mymensingh Range,1,6,16,13,0,81,4,0,9,33,418,5,1,192,54,2024-12-01
RMP,0,3,1,0,0,12,2,1,4,6,55,1,2,90,0,2024-12-01
RPMP,1,2,0,0,0,3,2,0,0,10,36,0,0,24,0,2024-12-01
Railway Range,0,4,0,0,0,0,0,0,0,12,12,0,0,26,0,2024-12-01
Rajshahi Range,4,11,23,3,0,132,4,3,5,74,693,13,12,520,11,2024-12-01
Rangpur Range,1,7,12,0,0,146,7,1,15,59,750,4,1,453,9,2024-12-01
SMP,1,3,2,7,0,11,2,2,2,7,63,0,2,32,15,2024-12-01
Sylhet Range,4,5,16,4,0,56,3,2,7,38,400,2,0,98,39,2024-12-01
BMP,0,0,3,0,1,14,0,1,10,8,49,0,1,45,0,2025-01-01
Barishal Range,4,2,12,12,0,98,3,3,15,40,515,3,2,138,0,2025-01-01
CMP,2,7,3,7,0,26,5,4,12,28,120,3,0,152,2,2025-01-01
Chittagong Range,8,27,51,11,0,191,16,5,50,92,970,45,4,703,26,2025-01-01
DMP,8,54,36,24,7,127,31,10,60,146,679,12,5,583,9,2025-01-01
Dhaka Range,24,31,76,4,0,229,16,5,44,106,1092,15,8,725,3,2025-01-01
GMP,2,9,5,2,0,25,2,1,7,10,116,6,0,72,0,2025-01-01
KMP,2,1,2,3,0,19,2,0,0,14,47,4,0,83,1,2025-01-01
Khulna Range,4,10,28,5,0,153,3,0,17,79,637,15,1,390,7,2025-01-01
Mymensingh Range,4,2,13,11,0,85,5,2,7,46,427,3,0,234,28,2025-01-01
RMP,1,0,2,0,0,12,1,1,4,5,51,1,1,87,0,2025-01-01
RPMP,0,2,1,0,0,4,5,0,0,7,32,1,2,20,0,2025-01-01
Railway Range,0,1,0,0,0,0,0,0,0,17,16,0,0,23,1,2025-01-01
Rajshahi Range,4,12,22,5,0,200,9,1,10,73,670,16,8,532,13,2025-01-01
Rangpur Range,3,6,19,0,0,194,4,2,14,67,730,4,0,423,7,2025-01-01
SMP,0,1,0,5,0,7,0,0,7,20,60,0,3,25,18,2025-01-01
Sylhet Range,5,6,21,2,0,56,3,3,5,39,392,1,0,151,27,2025-01-01
BMP,1,0,2,0,0,17,0,0,4,5,47,0,0,24,0,2025-02-01
Barishal Range,6,4,16,18,0,120,5,2,14,25,435,0,0,125,0,2025-02-01
CMP,1,10,3,5,0,23,5,4,11,22,114,4,0,101,1,2025-02-01
Chittagong Range,13,14,50,11,0,171,10,5,43,75,896,32,4,601,25,2025-02-01
DMP,6,46,38,18,9,142,18,7,36,117,638,8,1,474,8,2025-02-01
Dhaka Range,25,25,66,8,0,229,10,7,37,111,1051,13,0,563,1,2025-02-01
GMP,1,1,8,0,0,20,6,0,2,12,93,2,5,59,0,2025-02-01
KMP,0,1,1,0,0,7,3,0,2,14,45,1,0,74,0,2025-02-01
Khulna Range,2,11,22,2,0,140,2,1,18,60,591,12,7,315,8,2025-02-01
Mymensingh Range,1,4,19,10,0,94,3,1,6,35,372,2,0,207,38,2025-02-01
RMP,1,5,4,0,1,6,2,0,2,7,53,2,2,91,0,2025-02-01
RPMP,0,2,0,0,0,10,0,0,0,8,26,1,0,17,0,2025-02-01
Railway Range,0,4,2,0,0,0,0,0,0,10,8,0,0,15,0,2025-02-01
Rajshahi Range,11,11,30,5,0,196,5,4,8,47,602,15,12,418,6,2025-02-01
Rangpur Range,4,6,23,2,0,171,8,1,4,69,644,7,2,408,8,2025-02-01
SMP,0,3,3,1,0,5,0,0,2,6,58,1,4,37,25,2025-02-01
Sylhet Range,2,6,13,3,0,79,1,5,4,50,385,1,0,103,23,2025-02-01
BMP,0,0,4,1,0,24,0,3,3,3,43,1,0,28,0,2025-03-01
Barishal Range,5,1,14,12,0,164,2,2,13,44,564,3,0,150,0,2025-03-01
CMP,1,4,7,8,0,46,8,4,8,17,185,6,1,140,2,2025-03-01
Chittagong Range,13,25,65,16,0,249,20,11,39,128,1185,49,4,724,28,2025-03-01
DMP,3,38,33,12,15,162,19,23,43,137,699,20,2,538,10,2025-03-01
Dhaka Range,21,42,66,4,0,375,10,22,43,144,1325,17,1,620,1,2025-03-01
GMP,1,5,5,2,0,41,0,1,4,13,94,2,1,74,1,2025-03-01
KMP,0,5,1,3,0,14,1,3,5,20,53,4,0,61,0,2025-03-01
Khulna Range,2,11,36,12,0,218,2,2,16,81,772,15,2,366,16,2025-03-01
Mymensingh Range,2,7,22,5,0,132,2,2,9,39,498,0,1,223,67,2025-03-01
RMP,0,1,3,1,1,19,3,2,3,4,45,1,4,48,0,2025-03-01
RPMP,0,1,0,1,0,10,1,0,0,6,27,2,0,21,0,2025-03-01
Railway Range,0,3,0,1,0,0,1,0,0,15,20,0,0,31,4,2025-03-01
Rajshahi Range,7,10,21,4,0,271,5,4,8,79,930,6,11,485,12,2025-03-01
Rangpur Range,2,10,26,0,0,218,7,1,6,80,795,1,1,395,4,2025-03-01
SMP,0,3,0,7,0,14,2,3,1,6,73,1,1,29,25,2025-03-01
Sylhet Range,3,5,13,1,0,97,0,13,5,50,541,3,0,142,28,2025-03-01
BMP,0,1,3,1,0,27,0,1,2,4,62,1,0,37,0,2025-04-01
Barishal Range,6,2,15,11,0,197,3,2,14,28,579,3,0,154,0,2025-04-01
CMP,0,3,11,8,0,51,3,3,16,27,148,5,0,120,5,2025-04-01
Chittagong Range,8,19,66,15,2,278,15,7,39,98,1298,48,2,704,27,2025-04-01
DMP,7,37,29,12,1,191,19,7,48,118,540,5,6,503,24,2025-04-01
Dhaka Range,11,28,74,6,0,345,19,12,52,96,1388,18,7,674,0,2025-04-01
GMP,4,9,8,0,0,33,2,1,4,9,99,2,1,64,1,2025-04-01
KMP,0,0,2,2,0,15,1,1,7,16,52,5,0,54,0,2025-04-01
Khulna Range,0,16,32,14,0,207,6,2,11,64,851,22,5,438,8,2025-04-01
Mymensingh Range,0,7,21,6,0,120,2,1,4,37,512,4,0,293,42,2025-04-01
RMP,0,2,2,1,0,21,0,1,4,13,58,0,0,72,0,2025-04-01
RPMP,0,0,0,0,0,16,0,0,0,6,33,0,0,14,0,2025-04-01
Railway Range,0,4,2,0,0,2,0,0,0,9,10,1,0,27,2,2025-04-01
Rajshahi Range,7,11,35,11,0,265,10,9,5,84,919,20,10,606,3,2025-04-01
Rangpur Range,0,4,13,1,0,213,7,1,4,60,837,1,0,432,10,2025-04-01
SMP,0,0,3,0,0,11,0,1,6,8,56,0,3,35,14,2025-04-01
Sylhet Range,3,6,20,0,0,97,1,3,3,38,420,5,1,165,18,2025-04-01
BMP,1,0,4,1,1,27,1,1,5,11,51,0,0,37,0,2025-05-01
Barishal Range,6,5,12,12,0,181,5,3,16,27,550,4,0,159,0,2025-05-01
CMP,0,8,6,14,0,47,0,4,8,30,150,5,0,130,6,2025-05-01
Chittagong Range,12,20,55,8,1,242,9,11,53,85,1218,51,2,766,41,2025-05-01
DMP,5,40,32,12,6,183,25,9,50,128,630,44,2,546,21,2025-05-01
Dhaka Range,24,39,94,9,0,375,15,16,45,121,1197,48,6,753,2,2025-05-01
GMP,2,9,7,0,0,33,5,0,2,14,121,5,2,70,0,2025-05-01
KMP,1,5,5,2,0,15,0,1,5,5,43,1,0,92,0,2025-05-01
Khulna Range,6,8,36,8,0,192,0,8,13,78,709,22,5,402,9,2025-05-01
Mymensingh Range,2,3,17,3,0,123,1,2,5,47,428,1,0,257,45,2025-05-01
RMP,1,5,0,0,0,12,2,0,3,13,72,1,2,90,2,2025-05-01
RPMP,1,1,1,0,0,12,0,0,0,7,44,0,0,20,0,2025-05-01
Railway Range,0,13,1,0,0,0,0,0,0,13,12,0,0,39,2,2025-05-01
Rajshahi Range,3,11,29,4,0,298,10,2,7,70,805,9,11,519,12,2025-05-01
Rangpur Range,2,4,20,0,0,236,6,2,7,46,780,2,0,377,11,2025-05-01
SMP,0,1,1,2,0,12,0,1,3,14,51,3,3,34,9,2025-05-01
Sylhet Range,1,5,21,5,0,99,3,2,7,56,430,2,0,152,22,2025-05-01
BMP,0,2,2,0,1,15,1,1,2,5,48,0,0,38,0,2025-06-01
Barishal Range,1,3,7,4,0,169,2,2,12,36,552,2,1,134,0,2025-06-01
CMP,0,7,7,9,0,34,3,1,15,36,100,5,0,133,0,2025-06-01
Chittagong Range,8,13,53,11,1,246,10,9,43,98,1118,41,2,718,31,2025-06-01
DMP,4,32,49,8,4,168,20,6,55,90,456,45,4,505,10,2025-06-01
Dhaka Range,22,37,82,9,0,318,17,8,50,104,1233,36,3,711,5,2025-06-01
GMP,1,5,8,0,0,24,6,3,7,12,76,1,1,57,0,2025-06-01
KMP,0,4,3,1,0,14,0,1,8,14,35,7,1,51,2,2025-06-01
Khulna Range,5,9,28,9,0,156,6,4,19,61,651,19,4,393,16,2025-06-01
Mymensingh Range,1,6,19,5,0,133,2,1,8,39,536,6,0,276,36,2025-06-01
RMP,0,7,0,0,0,19,3,0,3,14,63,0,0,57,1,2025-06-01
RPMP,0,1,2,0,2,11,2,0,0,7,28,4,0,20,0,2025-06-01
Railway Range,0,5,1,0,0,2,0,0,0,16,8,1,0,26,1,2025-06-01
Rajshahi Range,3,11,38,0,0,230,4,3,8,56,890,28,12,441,12,2025-06-01
Rangpur Range,2,3,23,0,0,290,2,0,5,77,836,5,0,399,3,2025-06-01
SMP,0,2,2,5,0,12,0,0,4,5,50,1,1,25,4,2025-06-01
Sylhet Range,2,4,20,3,0,92,2,5,5,52,371,2,0,114,26,2025-06-01
BMP,0,1,1,1,0,26,0,0,5,8,41,0,0,40,0,2025-07-01
Barishal Range,8,7,15,14,1,188,4,1,24,43,412,3,2,153,0,2025-07-01
CMP,0,8,9,4,0,54,6,4,16,28,129,3,0,156,5,2025-07-01
Chittagong Range,11,25,46,16,0,239,18,7,58,124,935,50,2,863,27,2025-07-01
DMP,4,38,75,8,3,171,25,5,46,101,555,23,13,528,11,2025-07-01
Dhaka Range,22,36,77,14,0,364,12,6,70,142,1102,20,0,879,2,2025-07-01
GMP,2,3,9,0,0,32,6,2,5,13,93,1,1,70,1,2025-07-01
KMP,0,0,2,1,0,14,1,0,7,14,38,2,0,61,0,2025-07-01
Khulna Range,4,10,25,14,0,225,7,2,23,81,527,22,4,389,14,2025-07-01
Mymensingh Range,0,3,23,7,0,114,10,1,7,36,408,1,0,293,31,2025-07-01
RMP,0,4,2,0,0,18,3,2,6,14,64,4,0,86,0,2025-07-01
RPMP,1,1,0,0,0,7,1,0,0,8,32,4,0,20,0,2025-07-01
Railway Range,0,5,0,0,0,9,0,0,0,16,9,0,0,42,4,2025-07-01
Rajshahi Range,4,14,27,6,0,235,7,3,9,89,742,11,11,468,8,2025-07-01
Rangpur Range,1,5,29,0,0,287,6,3,7,72,821,8,0,446,3,2025-07-01
SMP,0,3,2,1,0,11,0,0,4,9,38,1,1,31,6,2025-07-01
Sylhet Range,2,3,20,3,0,103,3,3,5,51,387,2,0,133,31,2025-07-01
BMP,0,0,2,0,0,29,0,1,3,9,38,1,0,42,0,2025-08-01
Barishal Range,7,8,16,5,0,196,5,3,35,52,438,1,0,223,1,2025-08-01
CMP,1,10,3,7,0,49,6,7,13,25,134,4,0,136,5,2025-08-01
Chittagong Range,17,18,42,17,1,229,15,6,76,134,1014,52,2,964,43,2025-08-01
DMP,2,52,32,7,1,159,16,5,51,132,555,14,13,557,10,2025-08-01
Dhaka Range,19,36,73,8,0,346,19,6,49,159,1156,20,3,894,7,2025-08-01
GMP,3,6,7,0,0,27,3,2,6,26,88,0,1,81,0,2025-08-01
KMP,0,0,5,0,0,20,1,3,6,19,31,3,0,66,1,2025-08-01
Khulna Range,2,11,30,14,0,147,5,2,25,80,581,25,2,402,20,2025-08-01
Mymensingh Range,0,5,24,1,0,104,5,3,10,34,364,4,0,309,45,2025-08-01
RMP,0,4,3,0,0,17,3,0,7,20,75,1,0,70,0,2025-08-01
RPMP,0,0,0,0,0,12,1,0,2,5,25,1,0,15,0,2025-08-01
Railway Range,0,4,2,0,0,3,1,0,0,17,11,0,0,39,10,2025-08-01
Rajshahi Range,7,8,37,4,0,216,4,3,5,91,742,13,9,425,9,2025-08-01
Rangpur Range,1,9,25,0,0,264,5,2,14,74,833,6,1,465,1,2025-08-01
SMP,1,0,3,0,0,5,1,1,4,16,61,0,1,25,7,2025-08-01
Sylhet Range,2,5,17,3,0,81,0,7,5,63,338,3,0,147,34,2025-08-01
BMP,1,0,0,0,0,34,1,1,5,9,39,0,0,35,0,2025-09-01
Barishal Range,2,4,18,3,0,210,1,0,34,30,454,1,2,182,0,2025-09-01
CMP,0,4,7,4,0,46,5,5,12,41,140,4,0,134,1,2025-09-01
Chittagong Range,16,22,55,31,1,240,22,9,68,130,1067,44,0,932,43,2025-09-01
DMP,4,36,25,11,1,137,19,4,44,119,576,16,9,522,6,2025-09-01
Dhaka Range,10,51,77,8,0,346,3,11,49,141,1194,29,4,894,1,2025-09-01
GMP,1,6,3,0,0,35,6,2,8,16,96,2,0,75,0,2025-09-01
KMP,0,1,1,0,0,16,2,1,6,15,36,8,0,53,1,2025-09-01
Khulna Range,1,12,27,9,1,163,9,2,21,66,585,21,3,405,16,2025-09-01
Mymensingh Range,0,4,15,6,0,117,2,1,13,55,384,3,0,303,50,2025-09-01
RMP,0,3,0,0,0,13,4,0,5,8,68,1,1,75,1,2025-09-01
RPMP,0,3,0,0,0,3,3,0,1,11,30,3,0,13,0,2025-09-01
Railway Range,1,4,1,0,0,0,0,0,0,20,14,0,0,45,5,2025-09-01
Rajshahi Range,8,9,26,7,0,247,9,5,11,65,795,10,2,369,5,2025-09-01
Rangpur Range,2,4,24,3,0,238,6,0,8,85,694,2,0,349,4,2025-09-01
SMP,1,2,2,5,0,6,2,0,5,16,63,0,0,48,15,2025-09-01
Sylhet Range,3,4,16,5,0,77,2,2,5,61,396,1,0,151,40,2025-09-01
BMP,0,1,0,0,0,22,5,0,5,8,68,0,0,38,0,2025-10-01
Barishal Range,3,6,16,1,0,186,6,2,23,28,576,1,1,182,0,2025-10-01
CMP,3,10,5,21,0,51,4,5,13,34,132,8,0,160,2,2025-10-01
Chittagong Range,19,26,59,27,0,263,17,16,73,139,1156,57,1,894,46,2025-10-01
DMP,1,29,22,8,1,166,24,9,43,119,546,16,15,518,14,2025-10-01
Dhaka Range,9,49,59,13,0,362,18,12,50,156,1361,27,2,953,2,2025-10-01
GMP,4,6,11,2,0,24,7,3,4,14,106,2,0,100,0,2025-10-01
KMP,0,3,5,1,0,11,3,0,8,13,42,5,0,67,0,2025-10-01
Khulna Range,5,10,34,10,0,136,8,3,23,90,612,25,5,391,14,2025-10-01
Mymensingh Range,1,3,29,4,0,115,1,2,15,43,379,0,0,303,44,2025-10-01
RMP,0,4,3,0,0,16,1,1,3,9,81,1,0,57,0,2025-10-01
RPMP,0,1,0,0,0,10,1,1,4,6,26,1,0,16,0,2025-10-01
Railway Range,0,2,2,4,0,0,0,0,0,11,15,1,0,40,6,2025-10-01
Rajshahi Range,7,12,41,7,0,258,4,5,12,103,826,10,12,318,5,2025-10-01
Rangpur Range,1,10,17,0,0,277,7,2,16,84,748,1,0,354,8,2025-10-01
SMP,1,1,1,4,0,8,2,2,4,16,60,0,0,61,24,2025-10-01
Sylhet Range,2,7,15,1,0,80,2,6,5,58,405,1,0,133,34,2025-10-01
BMP,0,2,1,0,0,19,5,2,5,7,74,1,0,39,1,2025-11-01
Barishal Range,4,2,14,4,0,208,1,2,31,30,440,0,0,171,0,2025-11-01
CMP,0,2,8,10,0,39,5,3,17,34,148,5,0,137,4,2025-11-01
Chittagong Range,11,19,51,16,0,210,13,9,53,99,1025,60,0,800,45,2025-11-01
DMP,1,28,27,12,0,134,28,2,45,123,508,13,28,420,14,2025-11-01
Dhaka Range,11,38,53,6,0,344,12,5,44,154,1235,30,20,786,2,2025-11-01
GMP,2,4,6,1,0,41,10,3,6,23,108,0,1,65,0,2025-11-01
KMP,0,2,5,1,0,14,0,0,6,13,33,0,0,62,0,2025-11-01
Khulna Range,2,14,19,12,0,135,4,4,16,64,557,17,4,338,6,2025-11-01
Mymensingh Range,0,2,21,5,0,102,2,2,9,54,369,2,4,224,59,2025-11-01
RMP,1,2,1,0,0,11,5,0,7,8,47,0,1,65,0,2025-11-01
RPMP,2,1,0,0,0,8,1,0,1,6,27,1,0,20,0,2025-11-01
Railway Range,0,5,3,0,3,1,0,0,0,12,15,0,0,33,1,2025-11-01
Rajshahi Range,6,8,36,0,0,173,2,4,5,82,718,19,9,332,0,2025-11-01
Rangpur Range,2,7,20,0,0,226,3,1,7,69,771,0,0,258,5,2025-11-01
SMP,1,0,5,6,0,11,0,1,5,17,71,0,1,32,46,2025-11-01
Sylhet Range,1,4,9,6,0,68,2,3,10,47,414,2,0,161,29,2025-11-01
BMP,1,1,2,2,0,15,4,1,4,3,40,0,0,38,0,2025-12-01
Barishal Range,5,4,11,3,0,111,1,0,25,16,414,5,0,134,0,2025-12-01
CMP,0,4,2,5,0,29,5,3,10,23,139,6,0,138,4,2025-12-01
Chittagong Range,10,22,44,19,0,169,10,4,53,83,960,41,1,779,39,2025-12-01
DMP,3,22,20,8,0,113,23,2,44,76,434,16,15,480,8,2025-12-01
Dhaka Range,24,32,68,2,0,234,17,7,50,132,1073,30,4,869,3,2025-12-01
GMP,2,7,4,0,0,22,7,1,4,16,84,4,0,86,0,2025-12-01
KMP,0,1,4,0,0,6,0,0,2,14,27,3,0,48,0,2025-12-01
Khulna Range,2,10,23,9,0,97,5,1,25,57,497,21,4,367,6,2025-12-01
Mymensingh Range,2,1,12,4,0,86,3,2,3,39,343,0,0,214,36,2025-12-01
RMP,1,4,4,0,0,7,2,2,6,8,35,2,1,88,0,2025-12-01
RPMP,1,2,0,0,0,8,0,0,2,4,40,0,0,29,0,2025-12-01
Railway Range,0,3,3,2,0,0,0,0,0,4,3,1,0,44,5,2025-12-01
Rajshahi Range,8,9,33,1,0,142,2,2,0,80,656,24,8,361,3,2025-12-01
Rangpur Range,2,5,26,0,0,141,5,1,11,51,694,2,0,277,7,2025-12-01
SMP,1,0,2,5,0,10,2,1,3,18,45,2,0,54,18,2025-12-01
Sylhet Range,2,5,19,3,0,58,1,2,7,44,402,2,1,142,59,2025-12-01
BMP,1,0,1,0,0,18,5,0,3,4,43,3,0,31,0,2026-01-01
Barishal Range,3,4,20,3,0,113,2,0,16,32,407,9,1,206,0,2026-01-01
CMP,0,6,6,6,0,39,2,1,14,33,118,4,0,186,7,2026-01-01
Chittagong Range,14,19,56,9,0,165,23,3,60,134,972,83,1,817,33,2026-01-01
DMP,4,29,21,4,1,108,14,5,42,101,401,34,6,564,18,2026-01-01
Dhaka Range,12,42,73,7,0,252,10,11,42,123,1065,52,15,1097,7,2026-01-01
GMP,3,9,0,1,0,26,8,2,5,15,67,2,0,122,0,2026-01-01
KMP,0,4,1,2,0,7,1,0,0,17,25,3,0,54,1,2026-01-01
Khulna Range,1,9,35,7,0,108,6,2,28,83,462,36,7,459,8,2026-01-01
Mymensingh Range,0,6,17,4,0,69,1,4,4,49,367,3,1,252,34,2026-01-01
RMP,0,2,2,0,0,7,1,1,2,7,40,1,1,103,0,2026-01-01
RPMP,0,0,2,0,0,7,0,2,1,2,23,0,0,36,0,2026-01-01
Railway Range,0,2,2,1,0,0,1,0,0,13,12,0,0,33,2,2026-01-01
Rajshahi Range,8,15,24,1,0,142,4,3,7,85,553,30,2,447,9,2026-01-01
Rangpur Range,2,7,15,1,0,167,7,4,12,72,631,3,0,291,8,2026-01-01
SMP,1,2,1,8,0,7,0,3,0,7,41,0,0,55,27,2026-01-01
Sylhet Range,3,7,11,3,0,46,2,1,0,51,362,6,1,169,55,2026-01-01
BMP,1,1,1,2,0,18,6,0,5,6,44,0,0,22,0,2026-02-01
Barishal Range,2,2,9,7,0,108,0,2,12,29,423,12,0,169,0,2026-02-01
CMP,0,10,4,5,0,30,4,2,4,17,124,9,0,127,4,2026-02-01
Chittagong Range,14,23,54,11,0,171,12,6,45,107,889,54,1,572,25,2026-02-01
DMP,3,22,16,4,0,96,12,8,42,84,364,23,4,358,5,2026-02-01
Dhaka Range,12,30,57,2,0,240,7,8,31,96,1090,33,11,751,3,2026-02-01
GMP,1,2,2,3,0,28,3,3,0,12,71,4,1,83,0,2026-02-01
KMP,1,3,4,0,0,9,1,0,3,12,26,3,0,29,0,2026-02-01
Khulna Range,2,7,26,7,1,95,1,4,14,67,494,20,9,298,8,2026-02-01
Mymensingh Range,3,1,15,3,0,58,6,2,6,23,363,5,0,204,22,2026-02-01
RMP,0,3,4,0,0,12,0,0,2,4,29,1,0,35,0,2026-02-01
RPMP,0,0,0,0,0,6,0,1,2,4,17,1,0,26,0,2026-02-01
Railway Range,0,4,0,0,0,0,0,0,0,11,7,0,0,22,0,2026-02-01
Rajshahi Range,2,14,22,1,0,140,1,1,2,60,594,20,3,282,4,2026-02-01
Rangpur Range,0,6,15,0,0,125,10,2,10,57,616,2,0,209,2,2026-02-01
SMP,0,4,1,1,0,5,0,2,5,11,37,0,0,44,13,2026-02-01
Sylhet Range,1,2,20,2,0,40,1,1,4,34,316,6,0,128,21,2026-02-01
BMP,0,0,1,3,0,9,3,0,3,11,60,1,0,40,0,2026-03-01
Barishal Range,1,5,17,5,0,151,1,2,30,49,532,2,0,253,2,2026-03-01
CMP,1,4,3,7,0,29,0,5,13,22,129,7,0,183,5,2026-03-01
Chittagong Range,12,22,61,17,0,210,26,5,67,132,1231,33,2,790,29,2026-03-01
DMP,5,25,24,7,0,111,20,7,62,99,472,10,1,455,7,2026-03-01
Dhaka Range,13,23,71,10,0,258,12,9,41,150,1384,21,4,1199,3,2026-03-01
GMP,1,5,5,3,0,24,9,4,2,9,103,9,0,133,0,2026-03-01
KMP,0,0,4,0,0,8,2,2,0,16,28,5,0,39,1,2026-03-01
Khulna Range,2,14,31,17,0,137,6,7,24,95,699,27,7,453,18,2026-03-01
Mymensingh Range,0,6,20,4,0,87,4,2,8,37,475,0,0,271,32,2026-03-01
RMP,0,1,1,0,0,10,3,1,4,11,47,1,0,53,0,2026-03-01
RPMP,0,2,3,2,0,3,1,0,1,10,46,1,0,43,0,2026-03-01
Railway Range,0,2,0,0,0,0,0,0,1,12,11,0,0,42,1,2026-03-01
Rajshahi Range,2,17,41,4,0,185,3,6,7,60,855,15,3,466,8,2026-03-01
Rangpur Range,1,7,15,1,0,179,10,7,13,75,770,1,0,396,10,2026-03-01
SMP,0,3,3,5,0,4,2,3,0,19,46,0,0,51,34,2026-03-01
Sylhet Range,1,6,17,6,0,80,0,3,9,49,480,2,0,195,45,2026-03-01
BMP,0,1,2,1,0,18,6,1,4,10,59,4,0,48,0,2026-04-01
Barishal Range,3,3,15,5,0,200,2,1,21,44,497,2,1,244,0,2026-04-01
CMP,3,9,4,5,0,51,3,0,15,25,153,8,0,241,4,2026-04-01
Chittagong Range,10,22,54,9,0,285,18,9,71,105,1346,31,1,890,47,2026-04-01
DMP,3,25,17,8,0,168,21,3,44,100,506,13,1,563,16,2026-04-01
Dhaka Range,21,36,64,8,1,375,15,22,39,132,1433,14,1,1326,7,2026-04-01
GMP,0,3,5,3,0,34,6,3,3,20,106,18,0,153,1,2026-04-01
KMP,0,2,2,0,0,5,2,0,6,12,35,6,0,44,0,2026-04-01
Khulna Range,3,12,24,15,0,163,5,5,25,72,687,10,3,454,33,2026-04-01
Mymensingh Range,0,6,17,7,0,108,3,6,7,48,394,1,0,316,25,2026-04-01
RMP,0,3,0,0,2,23,2,0,2,8,54,0,2,72,0,2026-04-01
RPMP,0,1,1,2,0,7,0,0,2,10,37,1,0,63,0,2026-04-01
Railway Range,0,6,3,0,0,2,0,0,0,7,15,0,0,38,3,2026-04-01
Rajshahi Range,1,10,36,1,0,252,2,5,1,70,753,23,1,563,5,2026-04-01
Rangpur Range,3,5,17,4,0,237,7,7,19,80,767,1,0,444,9,2026-04-01
SMP,0,1,3,6,0,5,1,3,4,18,49,1,1,60,21,2026-04-01
Sylhet Range,4,7,24,3,0,78,1,1,4,45,400,6,1,187,46,2026-04-01
