Date,Dacoity,Robbery,Murder,Speedy_Trial,Riot,Woman_Child_Repression,Kidnapping,Police_Assault,Burglary,Theft,Other_Cases,RC_Arms_Act,RC_Explosive_Act,RC_Narcotics,RC_Smuggling,Total_Cases
2019-01-01,32,68,351,48,1,1139,46,69,174,494,5428,174,30,9069,361,17484
2019-02-01,24,43,262,63,0,1217,45,37,165,493,4764,183,8,10003,355,17662
2019-03-01,20,39,290,74,4,1366,42,41,173,513,5313,186,19,9160,317,17557
2019-04-01,28,71,319,53,0,1971,56,45,171,514,6341,209,7,10029,321,20135
2019-05-01,24,82,320,5,0,2041,43,59,182,579,7492,283,21,9491,333,20955
2019-06-01,25,92,371,7,0,2100,52,61,192,547,6649,203,10,7949,322,18580
2019-07-01,38,96,332,7,0,2083,44,46,241,611,5745,224,14,10170,335,19986
2019-08-01,28,79,344,55,0,1937,78,46,226,570,6077,237,15,9156,298,19146
2019-09-01,38,75,268,50,0,2276,77,48,258,712,5943,250,10,10198,360,20563
2019-10-01,38,90,288,69,1,2101,48,38,241,686,5567,232,26,8888,397,18710
2019-11-01,22,95,258,46,1,1923,32,38,197,599,5477,214,14,8670,360,17946
2019-12-01,33,66,250,54,1,1610,35,27,219,562,5140,177,22,8409,355,16960
2020-01-01,39,83,273,53,2,1624,39,31,238,681,5244,172,14,9153,360,18006
2020-02-01,26,87,257,56,1,1740,41,34,218,571,5400,174,12,8531,324,17472
2020-03-01,26,78,279,72,2,1803,39,43,195,560,5995,161,3,7623,271,17150
2020-04-01,10,32,273,37,0,925,10,45,93,293,5572,77,9,1639,83,9098
2020-05-01,11,59,361,44,0,1168,19,50,136,397,6585,112,6,2461,104,11513
2020-06-01,27,79,303,86,0,1739,38,33,184,506,5752,136,9,4145,155,13192
2020-07-01,23,91,358,81,1,1912,38,39,216,779,5717,239,13,8077,239,17823
2020-08-01,28,84,322,91,1,2313,49,24,258,584,6489,90,11,5575,246,16165
2020-09-01,28,105,279,84,0,2339,54,23,264,752,5993,128,16,6354,231,16650
2020-10-01,32,120,304,103,0,2982,55,52,262,745,6197,155,13,6485,308,17813
2020-11-01,29,79,271,86,4,2202,47,40,239,675,6383,134,19,6787,224,17219
2020-12-01,23,81,259,78,2,1770,57,35,230,657,5769,112,21,6509,222,15825
2021-01-01,33,87,257,92,0,1641,37,47,232,694,5945,114,37,6639,238,16093
2021-02-01,26,67,249,90,1,1597,42,50,217,685,5727,147,28,6422,197,15545
2021-03-01,23,85,295,110,1,2000,45,79,225,722,6439,156,18,7636,218,18052
2021-04-01,15,80,302,75,8,1855,36,51,176,621,7345,158,17,5397,166,16302
2021-05-01,23,83,295,116,0,1849,39,44,203,662,7492,161,17,6033,155,17172
2021-06-01,38,86,267,112,3,2268,50,41,217,738,6394,153,12,6967,200,17546
2021-07-01,22,61,279,103,0,1817,24,32,240,681,5901,155,16,5418,176,14925
2021-08-01,30,84,278,93,2,2079,32,30,296,805,5724,169,17,8048,209,17896
2021-09-01,23,86,267,77,0,2135,37,37,235,830,5725,163,16,7487,198,17316
2021-10-01,29,94,243,70,1,1966,35,57,228,741,5800,130,14,6687,175,16270
2021-11-01,28,82,251,100,5,1503,31,93,184,632,5466,191,41,6904,159,15670
2021-12-01,18,76,231,79,2,1426,29,47,192,687,5510,164,35,6037,182,14715
2022-01-01,30,91,264,94,0,1433,39,53,213,729,5675,147,30,7048,181,16027
2022-02-01,37,85,234,81,0,1454,25,45,206,719,5340,158,20,7309,189,15902
2022-03-01,35,94,247,95,0,1976,37,57,223,888,6399,140,29,7430,194,17844
2022-04-01,24,107,269,111,0,1713,35,55,228,887,7578,170,20,6714,211,18122
2022-05-01,24,85,276,96,1,2001,32,44,226,689,7114,147,16,6876,161,17788
2022-06-01,40,85,249,99,0,2039,40,56,227,842,6487,128,13,6867,186,17358
2022-07-01,37,97,306,91,0,1962,33,40,258,743,6834,116,17,6421,182,17137
2022-08-01,40,107,266,98,1,2215,45,44,294,910,6822,118,26,7298,201,18485
2022-09-01,47,109,283,102,7,2080,40,45,257,926,6132,106,25,6883,228,17270
2022-10-01,38,102,277,117,0,1942,61,51,252,784,6414,100,34,6640,196,17008
2022-11-01,29,92,250,84,3,1586,33,54,237,767,6073,110,100,6890,183,16491
2022-12-01,23,73,198,64,1,1202,34,56,189,695,4893,98,130,6238,168,14062
2023-01-01,27,107,214,84,1,1265,31,36,191,784,5534,110,31,6968,224,15607
2023-02-01,21,97,222,95,0,1295,26,56,168,725,5873,109,49,6379,190,15305
2023-03-01,30,111,268,99,0,1652,38,47,185,797,6685,128,29,6976,217,17262
2023-04-01,20,118,296,109,0,1448,39,39,183,776,7337,119,23,5957,180,16644
2023-05-01,35,95,246,99,3,1867,49,55,196,807,7287,151,40,6827,186,17943
2023-06-01,27,104,272,104,0,1830,40,42,193,831,5679,104,18,6095,187,15526
2023-07-01,39,94,296,94,3,1794,39,47,239,802,7066,127,43,6863,192,17738
2023-08-01,22,104,253,90,0,1851,40,43,269,889,6592,133,48,7090,274,17698
2023-09-01,21,106,238,99,2,1699,50,48,230,830,5970,132,46,6721,307,16499
2023-10-01,22,106,258,65,12,1621,48,77,224,868,6300,129,156,5879,224,15989
2023-11-01,25,79,227,89,7,1426,33,79,205,664,5621,110,235,4704,177,13681
2023-12-01,30,105,233,77,0,1193,29,37,200,702,5614,116,60,5944,143,14483
2024-01-01,29,114,231,92,1,1043,51,43,228,749,5573,121,43,5592,133,14043
2024-02-01,33,121,240,108,2,1371,43,37,220,820,6132,129,10,6076,148,15490
2024-03-01,25,138,239,110,6,1509,51,43,217,865,7444,128,24,6289,192,17280
2024-04-01,29,97,296,120,3,1623,55,79,220,812,7905,117,17,5264,182,16819
2024-05-01,31,115,259,98,0,1767,50,43,219,726,6945,112,18,5447,181,16011
2024-06-01,36,103,268,95,2,1689,31,36,251,745,7048,98,7,5017,178,15604
2024-07-01,27,101,334,102,52,1702,32,170,219,785,6165,105,103,4852,217,14966
2024-08-01,37,62,626,99,15,1072,27,41,132,381,5160,44,81,966,90,8833
2024-09-01,57,104,283,128,19,1578,65,24,233,605,6893,150,128,1827,151,12245
2024-10-01,68,157,249,93,5,1560,96,34,248,722,6318,120,86,3272,237,13265
2024-11-01,47,133,211,91,11,1452,67,49,231,716,6432,159,56,3978,194,13827
2024-12-01,71,159,204,90,9,1205,74,44,237,729,6339,105,38,4137,181,13622
2025-01-01,71,171,294,91,8,1440,105,38,262,797,6603,129,35,4386,142,14572
2025-02-01,74,153,300,83,10,1430,78,37,193,673,6058,101,37,3632,143,13002
2025-03-01,60,171,316,90,16,2054,83,96,206,866,7849,131,29,4075,198,16240
2025-04-01,46,149,336,88,3,2089,88,52,219,715,7862,140,35,4392,154,16368
2025-05-01,67,177,341,80,8,2087,82,62,229,765,7291,198,33,4443,182,16045
2025-06-01,49,151,344,64,8,1933,80,44,244,722,7051,203,29,4098,147,15167
2025-07-01,59,166,362,89,4,2097,109,39,292,849,6333,155,34,4658,143,15389
2025-08-01,62,176,321,66,2,1904,90,51,311,956,6484,148,32,4860,193,15656
2025-09-01,50,169,297,92,3,1928,96,43,295,888,6631,145,21,4585,188,15431
2025-10-01,56,180,319,103,1,1985,110,69,301,931,7139,156,36,4585,199,16170
2025-11-01,44,140,279,79,3,1744,93,41,267,842,6560,150,68,3943,212,14465
2025-12-01,64,132,277,63,0,1248,87,29,249,668,5886,159,34,4148,188,13232
2026-01-01,52,163,287,57,1,1281,87,42,236,828,5589,269,35,4922,209,14058
2026-02-01,42,134,250,48,1,1181,64,42,187,634,5504,193,29,3359,107,11775
2026-03-01,39,142,317,91,0,1485,102,63,285,856,7368,135,17,5062,195,16157
2026-04-01,51,152,288,77,3,2011,94,66,267,806,7291,139,12,5706,217,17180
